Id	Label	Modularity Class
agoracosmopolite.com	agoracosmopolite.com	0
agorabookcafe.com	agorabookcafe.com	0
agoracosmopolitan.com	agoracosmopolitan.com	0
genesmedia.com	genesmedia.com	0
blocquebecois.org	blocquebecois.org	1
extranet.cybergeneration.com	extranet.cybergeneration.com	1
go.microsoft.com	go.microsoft.com	10
secure.bloc.org	secure.bloc.org	1
www2.bloc.org	www2.bloc.org	1
bernardbigras.qc.ca	bernardbigras.qc.ca	1
bloc.org	bloc.org	1
gillesaperron.org	gillesaperron.org	1
gomery.ca	gomery.ca	1
hrdc-drhc.gc.ca	hrdc-drhc.gc.ca	33
mariolaframboise.qc.ca	mariolaframboise.qc.ca	1
moniqueguay.qc.ca	moniqueguay.qc.ca	1
oag-bvg.gc.ca	oag-bvg.gc.ca	1
paulinepicard.com	paulinepicard.com	1
radio-canada.ca	radio-canada.ca	9
ca.geocities.com	ca.geocities.com	2
ca.geocities.yahoo.com	ca.geocities.yahoo.com	2
canadianactionparty.ca	canadianactionparty.ca	8
animalvoices.org	animalvoices.org	8
elections.ca	elections.ca	10
vivelecanada.ca	vivelecanada.ca	8
chp.ca	chp.ca	8
chp.skeenabulkley.ca	chp.skeenabulkley.ca	8
cv.11.forumer.com	cv.11.forumer.com	8
laws.justice.gc.ca	laws.justice.gc.ca	74
www3.telus.net	www3.telus.net	8
christianministries.ca	christianministries.ca	8
howdtheyvote.ca	howdtheyvote.ca	8
websbyu.com	websbyu.com	8
cnet.conservative.ca	cnet.conservative.ca	3
communist-party.ca	communist-party.ca	32
election2004.communist-party.ca	election2004.communist-party.ca	32
ourworld.compuserve.com	ourworld.compuserve.com	32
pvoice.communist-party.ca	pvoice.communist-party.ca	32
spark.communist-party.ca	spark.communist-party.ca	32
anc.org.za	anc.org.za	32
democratisch-links.be	democratisch-links.be	32
forosaopaulo.org	forosaopaulo.org	32
geocities.com	geocities.com	7
izquierda-unida.es	izquierda-unida.es	32
kpid.dk	kpid.dk	32
pcc.es	pcc.es	32
pds-online.de	pds-online.de	32
pst.ch	pst.ch	32
rednet.org	rednet.org	32
rifondazione.it	rifondazione.it	32
stud.uni-hannover.de	stud.uni-hannover.de	32
vansterpartiet.se	vansterpartiet.se	32
vide.lv	vide.lv	32
wfdy.org	wfdy.org	32
cosmopolitan.meetup.com	cosmopolitan.meetup.com	4
meetup.com	meetup.com	4
cpcml.ca	cpcml.ca	8
fiiq.qc.ca	fiiq.qc.ca	8
halifaxsymposium.ca	halifaxsymposium.ca	8
lexum.umontreal.ca	lexum.umontreal.ca	74
mlpc.ca	mlpc.ca	8
pccml.ca	pccml.ca	8
voteinformed.ca	voteinformed.ca	8
download.macromedia.com	download.macromedia.com	5
fpdownload.macromedia.com	fpdownload.macromedia.com	5
microsoft.com	microsoft.com	37
freedomparty.ca	freedomparty.ca	6
mckeever.com	mckeever.com	6
mondopolitico.com	mondopolitico.com	6
rd.yahoo.com	rd.yahoo.com	7
us.geocities.yahoo.com	us.geocities.yahoo.com	7
webhosting.yahoo.com	webhosting.yahoo.com	7
yahoo.com	yahoo.com	7
geo.yahoo.com	geo.yahoo.com	7
us.rd.yahoo.com	us.rd.yahoo.com	7
greenparty.ca	greenparty.ca	9
app.greenparty.ca	app.greenparty.ca	9
community.greenparty.ca	community.greenparty.ca	9
contact.greenparty.ca	contact.greenparty.ca	9
greenparty.bc.ca	greenparty.bc.ca	9
lp.greenparty.ca	lp.greenparty.ca	9
main.greenparty.ca	main.greenparty.ca	9
members.greenparty.ca	members.greenparty.ca	9
newsletter.greenparty.ca	newsletter.greenparty.ca	9
ridings.greenparty.ca	ridings.greenparty.ca	9
secure.greenparty.ca	secure.greenparty.ca	9
thelink.concordia.ca	thelink.concordia.ca	9
web.greenparty.ca	web.greenparty.ca	9
aamdc.com	aamdc.com	9
acp-cpa.ca	acp-cpa.ca	8
backbonemag.com	backbonemag.com	9
bygeorgeware.com	bygeorgeware.com	9
cafecampus.com	cafecampus.com	9
canada.com	canada.com	10
canwea.ca��	canwea.ca��	9
cpac.ca	cpac.ca	9
ctv.ca	ctv.ca	10
earthcharter.org	earthcharter.org	9
earthday.ca	earthday.ca	59
earthday.net	earthday.net	9
ecospherics.net	ecospherics.net	9
elections.org.nz	elections.org.nz	9
electJIM.ca	electJIM.ca	9
electjim.ca	electjim.ca	9
europeangreens.org	europeangreens.org	9
fcpp.org	fcpp.org	9
flora.ca	flora.ca	9
gifttool.com	gifttool.com	9
globaltech.ca	globaltech.ca	9
goodsforgreens.com	goodsforgreens.com	9
gpo.ca	gpo.ca	9
greenerpolitics.com	greenerpolitics.com	9
greenpartyreview.ca	greenpartyreview.ca	9
greens.org.nz	greens.org.nz	9
guardian.co.uk	guardian.co.uk	9
herenb.com	herenb.com	9
hubbertpeak.com	hubbertpeak.com	9
inbox-ads.com	inbox-ads.com	9
jeffbrownridge.ca	jeffbrownridge.ca	9
lanarkhighlands.ca	lanarkhighlands.ca	9
leducrep.com	leducrep.com	9
liberal.ca	liberal.ca	10
macleans.ca	macleans.ca	74
ncgreens.ca	ncgreens.ca	9
nlgreens.ca	nlgreens.ca	9
orgreens.ca	orgreens.ca	9
ottawavaniergreens.ca	ottawavaniergreens.ca	9
ottawaxpress.ca	ottawaxpress.ca	9
partivert.ca	partivert.ca	9
partivert.org	partivert.org	9
pbs.org	pbs.org	12
perc.ca	perc.ca	9
perceptiveart.com	perceptiveart.com	9
portnelsonunitedchurch.com	portnelsonunitedchurch.com	9
realvidreams.com	realvidreams.com	9
robtv.com	robtv.com	9
scaredsacred.org	scaredsacred.org	9
sherwoodparknews.com	sherwoodparknews.com	9
SustainWellBeing.net	SustainWellBeing.net	9
theglobeandmail.com	theglobeandmail.com	8
toronto.com	toronto.com	9
vibride.com	vibride.com	9
worldwaterday.org	worldwaterday.org	9
home.ican.net	home.ican.net	7
home.ica.net	home.ica.net	7
members.shaw.ca	members.shaw.ca	10
ncf.davintech.ca	ncf.davintech.ca	7
ndp.commplus.net	ndp.commplus.net	7
ottawacentre.org	ottawacentre.org	7
andreahorwath.com	andreahorwath.com	7
beyndp.ca	beyndp.ca	7
brantndp.ca	brantndp.ca	7
freewebs.com	freewebs.com	12
fwr.on.ca	fwr.on.ca	7
gwndp.com	gwndp.com	7
mb.ndp.ca	mb.ndp.ca	7
mun.ca	mun.ca	7
ndp.ca	ndp.ca	8
ndplondonfanshawe.ca	ndplondonfanshawe.ca	7
nickelbeltndp.on.ca	nickelbeltndp.on.ca	7
nwtndp.com	nwtndp.com	7
oliviachow.ca	oliviachow.ca	7
ontariondp.on.ca	ontariondp.on.ca	7
ovndp.ca	ovndp.ca	7
peterboroughndp.ca	peterboroughndp.ca	7
renfrewndp.ca	renfrewndp.ca	7
saskndp.com	saskndp.com	7
sswndp.com	sswndp.com	7
straightgoods.ca	straightgoods.ca	9
vcn.bc.ca	vcn.bc.ca	59
web.net	web.net	8
windsorwestndp.ca	windsorwestndp.ca	7
buy.entrust.net	buy.entrust.net	10
http	http	59
agr.gc.ca	agr.gc.ca	10
aileencarroll.parl.gc.ca	aileencarroll.parl.gc.ca	10
alantonks.com	alantonks.com	10
andymitchell.ca	andymitchell.ca	10
andyscott.ca	andyscott.ca	10
annemclellan.ca	annemclellan.ca	10
anthonyrota.ca	anthonyrota.ca	10
apc-cpa.ca	apc-cpa.ca	10
belinda.ca	belinda.ca	10
billgraham.ca	billgraham.ca	10
bonniebrown.org	bonniebrown.org	10
brison.ca	brison.ca	10
bryonwilfert.ca	bryonwilfert.ca	10
carolynbennett.ca	carolynbennett.ca	10
colleenbeaumier.com	colleenbeaumier.com	10
davidandersonmp.com	davidandersonmp.com	10
davidemerson.ca	davidemerson.ca	10
davidmcguinty.com	davidmcguinty.com	10
dianemarleau.com	dianemarleau.com	10
dnd.ca	dnd.ca	41
donbell.ca	donbell.ca	10
ec.gc.ca	ec.gc.ca	59
egmontliberals.com	egmontliberals.com	10
electborys.com	electborys.com	10
electpeteradams.ca	electpeteradams.ca	10
entrust.com	entrust.com	10
ethelblondinandrew.parl.gc.ca	ethelblondinandrew.parl.gc.ca	10
fin.gc.ca	fin.gc.ca	9
francisscarpaleggia.parl.gc.ca	francisscarpaleggia.parl.gc.ca	10
francoiseboivin.com	francoiseboivin.com	10
garycarr.ca	garycarr.ca	10
geoffregan.ca	geoffregan.ca	10
geoffregan.com	geoffregan.com	10
hedyfry.com	hedyfry.com	10
infrastructure.gc.ca	infrastructure.gc.ca	10
international.gc.ca	international.gc.ca	10
jcdamours.ca	jcdamours.ca	10
jimkarygiannis.com	jimkarygiannis.com	10
jimpeterson.ca	jimpeterson.ca	10
joefontana.ca	joefontana.ca	10
joevolpe.com	joevolpe.com	10
johngodfrey.on.ca	johngodfrey.on.ca	10
johnmccallum.ca	johnmccallum.ca	10
judilongfield.com	judilongfield.com	10
karenredman.ca	karenredman.ca	10
keithmartin.org	keithmartin.org	10
kenboshcoff.ca	kenboshcoff.ca	10
kendryden.ca	kendryden.ca	10
larrybagnell.ca	larrybagnell.ca	10
lastewka.ca	lastewka.ca	10
lawrencemacaulay.ca	lawrencemacaulay.ca	10
londonwest.ca	londonwest.ca	10
mariaminna.com	mariaminna.com	10
markeyking.ca	markeyking.ca	10
marlenecatterall.ca	marlenecatterall.ca	10
mauril.ca	mauril.ca	10
mauriziobevilacqua.ca	mauriziobevilacqua.ca	10
mcteague.ca	mcteague.ca	10
mikesavage.parl.gc.ca	mikesavage.parl.gc.ca	10
navdeepbains.ca	navdeepbains.ca	10
nwlc-clfn.ca	nwlc-clfn.ca	10
paddytorsney.ca	paddytorsney.ca	10
pauldevillers.ca	pauldevillers.ca	10
paulmacklin.com	paulmacklin.com	10
paulszabo.com	paulszabo.com	10
paulzed.com	paulzed.com	10
petermilliken.com	petermilliken.com	10
pm.gc.ca	pm.gc.ca	8
psteckle.com	psteckle.com	10
ralphgoodale.ca	ralphgoodale.ca	10
raymondchan.ca	raymondchan.ca	10
raymondsimard.parl.gc.ca	raymondsimard.parl.gc.ca	10
redcross.ca	redcross.ca	10
reelectdereklee.com	reelectdereklee.com	10
reelecttomwappel.ca	reelecttomwappel.ca	10
Reg-Alcock.ca	Reg-Alcock.ca	10
RogerGallaway.com	RogerGallaway.com	10
" roycullen.com"	" roycullen.com"	10
sarmitebulte.parl.gc.ca	sarmitebulte.parl.gc.ca	10
scottsimms.com	scottsimms.com	10
sdc.gc.ca	sdc.gc.ca	10
shawnmurphy.ca	shawnmurphy.ca	10
stephenowen.ca	stephenowen.ca	10
susankadis.ca	susankadis.ca	10
telegdi.org	telegdi.org	10
tonyianno.ca	tonyianno.ca	10
tonyvaleri.com	tonyvaleri.com	10
ujjaldosanjh.ca	ujjaldosanjh.ca	10
votealbina.com	votealbina.com	10
voteanitaneville.mb.ca	voteanitaneville.mb.ca	10
voteaugustine.com	voteaugustine.com	10
votelynnmyers.ca	votelynnmyers.ca	10
votepickard.com	votepickard.com	10
voterosemarieur.ca	voterosemarieur.ca	10
votevalley.ca	votevalley.ca	10
" wajidkhan.ca"	" wajidkhan.ca"	10
wayneeaster2004.ca	wayneeaster2004.ca	10
yasminratansi.com	yasminratansi.com	10
ylc-jlc.ca	ylc-jlc.ca	10
youngliberals.ca	youngliberals.ca	10
libertarian.ca	libertarian.ca	8
media.conservative.ca	media.conservative.ca	8
members.aol.com	members.aol.com	12
ar.atwola.com	ar.atwola.com	12
canada.gc.ca	canada.gc.ca	8
gg.ca	gg.ca	12
interlog.com	interlog.com	12
minister.pch.gc.ca	minister.pch.gc.ca	12
monarchist.ca	monarchist.ca	12
partimarijuana.org	partimarijuana.org	10
banov.com	banov.com	10
blocpot.qc.ca	blocpot.qc.ca	10
mozilla.org	mozilla.org	10
nunavut.mjparty.ca	nunavut.mjparty.ca	10
cfdp.ca	cfdp.ca	10
chanvre-info.ch	chanvre-info.ch	10
druglibrary.org	druglibrary.org	10
drugtext.org	drugtext.org	10
fraserinstitute.ca	fraserinstitute.ca	8
google.ca	google.ca	7
ladygodivas.ca	ladygodivas.ca	10
mapinc.org	mapinc.org	9
marijuanaparty.ca	marijuanaparty.ca	10
mediameriquat.com	mediameriquat.com	10
parl.gc.ca	parl.gc.ca	74
spip.net	spip.net	10
spliffsport.com	spliffsport.com	10
usdoj.gov	usdoj.gov	10
pic.geocities.com	pic.geocities.com	7
promote.opera.com	promote.opera.com	11
secure.conservative.ca	secure.conservative.ca	8
conservative.ca	conservative.ca	8
themis.geocities.yahoo.com	themis.geocities.yahoo.com	7
us.geocities.com	us.geocities.com	7
wegovern.ca	wegovern.ca	12
citizendemocracy.meetup.com	citizendemocracy.meetup.com	12
en.wikipedia.org	en.wikipedia.org	12
jamagination.no-ip.com	jamagination.no-ip.com	12
saveourdemocracy.meetup.com	saveourdemocracy.meetup.com	12
apathyisboring.com	apathyisboring.com	12
blogscanada.ca	blogscanada.ca	12
bourque.org	bourque.org	12
canadawebpages.com	canadawebpages.com	12
canoe.ca	canoe.ca	23
healthcoalition.ca	healthcoalition.ca	8
opendemocracy.net	opendemocracy.net	12
paulmartintime.ca	paulmartintime.ca	8
phpbb.com	phpbb.com	12
php.net	php.net	12
policyalternatives.ca	policyalternatives.ca	26
politicswatch.com	politicswatch.com	12
ropercenter.uconn.edu	ropercenter.uconn.edu	12
taxpayer.com	taxpayer.com	12
truthout.org	truthout.org	12
westernblockparty.com	westernblockparty.com	12
64.233.187.104	64.233.187.104	12
66.51.112.68	66.51.112.68	12
70.84.33.210	70.84.33.210	12
angrygwn.blogspot.com	angrygwn.blogspot.com	12
argyll.epsb.ca	argyll.epsb.ca	12
babelfish.altavista.digital.com	babelfish.altavista.digital.com	12
brogo.yoll.net	brogo.yoll.net	12
canadiangenocide.nativeweb.org	canadiangenocide.nativeweb.org	12
citizenscentre.com	citizenscentre.com	12
cjobstreamlive.fsfrhosting.com	cjobstreamlive.fsfrhosting.com	12
cnews.canoe.ca	cnews.canoe.ca	23
cybermenace.blogspot.com	cybermenace.blogspot.com	12
edit.yahoo.com	edit.yahoo.com	12
home.eol.ca	home.eol.ca	12
infosource.gc.ca	infosource.gc.ca	12
instapundit.com	instapundit.com	12
kiddofspeed.com	kiddofspeed.com	12
mkbraaten.blogspot.com	mkbraaten.blogspot.com	12
my.opera.com	my.opera.com	12
nb.cbc.ca	nb.cbc.ca	12
psychcentral.com	psychcentral.com	12
shorl.com	shorl.com	12
theoccidentalquarterly.com	theoccidentalquarterly.com	12
webcalendar.sourceforge.net	webcalendar.sourceforge.net	12
westcan.org	westcan.org	12
wwp.icq.com	wwp.icq.com	12
www2.e-bullion.com	www2.e-bullion.com	12
absoluteastronomy.com	absoluteastronomy.com	12
alkalizeforhealth.net	alkalizeforhealth.net	12
anticorruption.ca	anticorruption.ca	12
anxietyculture.com	anxietyculture.com	12
bcquits.com	bcquits.com	12
bcrevolution.ca	bcrevolution.ca	12
blackrod.blogspot.com	blackrod.blogspot.com	12
books-on-history.com	books-on-history.com	12
bourque.com	bourque.com	12
britannica.com	britannica.com	12
bulliondirect.com	bulliondirect.com	12
canadafreepress.com	canadafreepress.com	12
canadainfolink.ca	canadainfolink.ca	12
captainsquartersblog.com	captainsquartersblog.com	12
cbc.ca	cbc.ca	59
cfra.com	cfra.com	12
charlesadler.com	charlesadler.com	12
clarion-journal.ca	clarion-journal.ca	12
cmi-gold-silver.com.	cmi-gold-silver.com.	12
creative-services.biz	creative-services.biz	12
crwflags.com	crwflags.com	12
cwb.ca	cwb.ca	12
cyberclass.net	cyberclass.net	12
davidicke.com	davidicke.com	12
davidorchard.com	davidorchard.com	8
douglaschristie.com	douglaschristie.com	12
e-gold.com	e-gold.com	12
electionsmanitoba.ca	electionsmanitoba.ca	12
farmersforjustice.com	farmersforjustice.com	12
fathers.ca	fathers.ca	12
fathersforlife.org	fathersforlife.org	12
fightingforyou.ca	fightingforyou.ca	12
fjbq.org	fjbq.org	1
freedomdomain.com	freedomdomain.com	12
freedominion.ca	freedominion.ca	12
frontpagemag.com	frontpagemag.com	12
geordieland.ca	geordieland.ca	12
globeandmail.com.	globeandmail.com.	12
gold-eagle.com	gold-eagle.com	12
goldfingercoin.com	goldfingercoin.com	12
gov.ab.ca	gov.ab.ca	12
isteve.com	isteve.com	12
laliberation.org	laliberation.org	12
ledevoir.com	ledevoir.com	10
lewrockwell.com	lewrockwell.com	12
lifesite.net	lifesite.net	12
lycaeum.org	lycaeum.org	12
marxists.org	marxists.org	12
mef.qc.ca	mef.qc.ca	12
michaeljournal.org	michaeljournal.org	12
mint.ca	mint.ca	12
mises.org	mises.org	12
mrouse.com	mrouse.com	12
nben.ca	nben.ca	12
nohippos.com	nohippos.com	12
patriotist.com	patriotist.com	12
paulgraham.com	paulgraham.com	12
perthmint.com.au	perthmint.com.au	12
PetitionOnline.com	PetitionOnline.com	12
petitiononline.com	petitiononline.com	12
polemics.us	polemics.us	12
powercorporation.com	powercorporation.com	12
prayerbook.ca	prayerbook.ca	12
prisonplanet.com	prisonplanet.com	12
prisonplanet.tv	prisonplanet.tv	12
proudtobecanadian.ca	proudtobecanadian.ca	12
republicofalberta.com	republicofalberta.com	12
rickeastland.com	rickeastland.com	12
royal.gov.uk	royal.gov.uk	12
ruralrevolution.com	ruralrevolution.com	12
s8.invisionfree.com	s8.invisionfree.com	12
separationpartyofalberta.com	separationpartyofalberta.com	12
smalldeadanimals.com	smalldeadanimals.com	12
somethingcool.ca	somethingcool.ca	12
souverainete.info	souverainete.info	12
sovereignty.org.uk	sovereignty.org.uk	12
spreadfirefox.com	spreadfirefox.com	12
stormfront.org	stormfront.org	12
survivalistskills.com	survivalistskills.com	12
tdctrade.com	tdctrade.com	12
thirdmarket.net	thirdmarket.net	12
thirdway.org	thirdway.org	12
torontofreepress.com	torontofreepress.com	12
tribil.com	tribil.com	12
umanitoba.ca	umanitoba.ca	12
unitednorthamerica.org	unitednorthamerica.org	12
usuryfree.net	usuryfree.net	12
vdare.com	vdare.com	12
westernstandard.ca	westernstandard.ca	12
windsofchange.net	windsofchange.net	12
worldfreeinternet.net	worldfreeinternet.net	12
zundelsite.org	zundelsite.org	12
worldsocialism.org	worldsocialism.org	13
telus.net	telus.net	8
acq.osd.mil	acq.osd.mil	14
akss.dau.mil	akss.dau.mil	14
marijuanaparty.org	marijuanaparty.org	8
norml.org	norml.org	10
control.conservative.ca	control.conservative.ca	8
sen.parl.gc.ca	sen.parl.gc.ca	8
cardinalgolfclub.com	cardinalgolfclub.com	8
cboutique.ca	cboutique.ca	8
conservateur.ca	conservateur.ca	8
cpcenergy.ca	cpcenergy.ca	8
duncanmp.com	duncanmp.com	8
fixourhighways.ca	fixourhighways.ca	8
garth.ca	garth.ca	8
oecd.org	oecd.org	8
portstanleynews.com	portstanleynews.com	8
rahimjaffer.com	rahimjaffer.com	8
stevenfletcher.com	stevenfletcher.com	8
filelodge.com	filelodge.com	15
media.fastclick.net	media.fastclick.net	15
flora.org	flora.org	8
buzz.yahoo.com	buzz.yahoo.com	7
help.yahoo.com	help.yahoo.com	7
privacy.yahoo.com	privacy.yahoo.com	7
search.yahoo.com	search.yahoo.com	7
dsc.gc.ca	dsc.gc.ca	10
libertarians.ca	libertarians.ca	8
multimania.lycos.fr	multimania.lycos.fr	16
developpeur.journaldunet.com	developpeur.journaldunet.com	16
hebergement.lycos.fr	hebergement.lycos.fr	16
webmaster.lycos.fr	webmaster.lycos.fr	16
home.lycos.fr	home.lycos.fr	16
lycos.fr	lycos.fr	16
recherche.lycos.fr	recherche.lycos.fr	16
services.lycos.fr	services.lycos.fr	16
donate.ndp.ca	donate.ndp.ca	8
cvj-yvc.org	cvj-yvc.org	9
ecobio.ca	ecobio.ca	9
winnipegfreepress.com	winnipegfreepress.com	10
dfait-maeci.gc.ca	dfait-maeci.gc.ca	7
hc-sc.gc.ca	hc-sc.gc.ca	74
shawnmurphymp.ca	shawnmurphymp.ca	8
vac-acc.gc.ca	vac-acc.gc.ca	10
cpcimmigration.ca	cpcimmigration.ca	8
nytimes.com	nytimes.com	59
adobe.com	adobe.com	26
paulgrignon.netfirms.com	paulgrignon.netfirms.com	8
en.michaelignatieff.ca	en.michaelignatieff.ca	17
download.greenparty.ca	download.greenparty.ca	9
ivoted.greenparty.ca	ivoted.greenparty.ca	9
validator.w3.org	validator.w3.org	9
community.canada.com	community.canada.com	12
groups.google.ca	groups.google.ca	12
orangeroots.tripod.com	orangeroots.tripod.com	12
usa.gov	usa.gov	12
conservativelife.com	conservativelife.com	12
orangenet.org	orangenet.org	12
republiquelibre.org	republiquelibre.org	12
vicnews.com	vicnews.com	12
westerncanadaparty.com	westerncanadaparty.com	12
energiepcc.ca	energiepcc.ca	8
rosemary-thompson.electionblog.ctv.ca	rosemary-thompson.electionblog.ctv.ca	8
npd.ca	npd.ca	8
npd.qc.ca	npd.qc.ca	8
youth.ndp.ca	youth.ndp.ca	8
a836.g.akamai.net	a836.g.akamai.net	18
washingtontimes.com	washingtontimes.com	18
coat.ncf.ca	coat.ncf.ca	7
amnesty-usa.org	amnesty-usa.org	7
globalmarch.org	globalmarch.org	7
members.tripod.com	members.tripod.com	7
ncf.ca	ncf.ca	7
spiritone.com	spiritone.com	7
thirdworldtraveler.com	thirdworldtraveler.com	7
gca.ca	gca.ca	59
quidnovis.net	quidnovis.net	59
groups.yahoo.com	groups.yahoo.com	74
us.ard.yahoo.com	us.ard.yahoo.com	74
povertyissues.org	povertyissues.org	27
web.worldbank.org	web.worldbank.org	19
worldbank.org	worldbank.org	19
cfr.org	cfr.org	8
globalresearch.ca	globalresearch.ca	12
trilateral.org	trilateral.org	12
usembassycanada.gov	usembassycanada.gov	12
icq.com	icq.com	12
www1.iata.org	www1.iata.org	20
iata.org	iata.org	20
www21.safesecureweb.com	www21.safesecureweb.com	74
egale.ca	egale.ca	74
acf.hhs.gov	acf.hhs.gov	74
faq.acf.hhs.gov	faq.acf.hhs.gov	74
commondreams.org	commondreams.org	8
afn.ca	afn.ca	37
ainc-inac.gc.ca	ainc-inac.gc.ca	37
chapters.indigo.ca	chapters.indigo.ca	37
h3creative.com	h3creative.com	37
irsr-rqpi.gc.ca	irsr-rqpi.gc.ca	37
apa.org	apa.org	74
atkinsonfoundation.ca	atkinsonfoundation.ca	8
beyondfactoryfarming.org	beyondfactoryfarming.org	8
blueplanetproject.net	blueplanetproject.net	8
cam.org	cam.org	21
vigile.net	vigile.net	21
canadafirst.net	canadafirst.net	22
americacast.ezstream.com	americacast.ezstream.com	22
cicnet.ci.gc.ca	cicnet.ci.gc.ca	22
mailman.freedomsite.org	mailman.freedomsite.org	22
canadianfreespeech.com	canadianfreespeech.com	22
canoe.com	canoe.com	22
freedomsite.org	freedomsite.org	22
canadiancrc.com	canadiancrc.com	74
abcnews.go.com	abcnews.go.com	74
babelfish.altavista.com	babelfish.altavista.com	74
canada.justice.gc.ca	canada.justice.gc.ca	74
gateway1.ovid.com	gateway1.ovid.com	74
aabb.org	aabb.org	74
acf.dhhs.gov	acf.dhhs.gov	74
aflcio.org	aflcio.org	74
campaign2000.ca	campaign2000.ca	74
canlii.org	canlii.org	74
cirp.org	cirp.org	74
collectionscanada.ca	collectionscanada.ca	74
e-laws.gov.on.ca	e-laws.gov.on.ca	74
embassymag.ca	embassymag.ca	8
glennsacks.com	glennsacks.com	74
google.com	google.com	10
gov.nt.ca	gov.nt.ca	74
nationalpost.com	nationalpost.com	74
pch.gc.ca	pch.gc.ca	74
statcan.ca	statcan.ca	33
suicideinfo.ca	suicideinfo.ca	74
thestar.com	thestar.com	10
time.com	time.com	74
unhchr.ch	unhchr.ch	8
womenspost.ca	womenspost.ca	74
cafe.canadafirst.net	cafe.canadafirst.net	22
webboard.freedomsite.org	webboard.freedomsite.org	22
ftcnet.com	ftcnet.com	22
real.com	real.com	22
webcom.com	webcom.com	22
canadianlandmine.org	canadianlandmine.org	37
1000dinners.com	1000dinners.com	37
canadians.org	canadians.org	8
alberta.indymedia.org	alberta.indymedia.org	8
app.infoaa.7700.gnb.ca	app.infoaa.7700.gnb.ca	8
archives.cbc.ca	archives.cbc.ca	8
billmon.org	billmon.org	8
canadians.inline.net	canadians.inline.net	8
cancun.mediosindependientes.org	cancun.mediosindependientes.org	8
ccarts.ca	ccarts.ca	8
centerforfoodsafety.org	centerforfoodsafety.org	8
cep.ca	cep.ca	8
cglg.org	cglg.org	8
cupe.ca	cupe.ca	8
decisions.fct-cf.gc.ca	decisions.fct-cf.gc.ca	8
deconsumption.typepad.com	deconsumption.typepad.com	8
docsonline.wto.org	docsonline.wto.org	8
dwatch.ca	dwatch.ca	8
election.cupe.ca	election.cupe.ca	8
eomega.org	eomega.org	8
fax.web.net	fax.web.net	8
gascd.com	gascd.com	8
gats-info.eu.int	gats-info.eu.int	8
home.clc-ctc.ca	home.clc-ctc.ca	8
iisd1.iisd.ca	iisd1.iisd.ca	8
lists.essential.org	lists.essential.org	8
list.web.net	list.web.net	8
onegoodmove.org	onegoodmove.org	8
OrganicConsumers.org	OrganicConsumers.org	8
papers.ssrn.com	papers.ssrn.com	8
pdf.thelancet.com	pdf.thelancet.com	8
pei.cbc.ca	pei.cbc.ca	8
phmovement.org	phmovement.org	8
quebec.sierraclub.ca	quebec.sierraclub.ca	8
rabble.ca	rabble.ca	8
rigorousintuition.blogspot.com	rigorousintuition.blogspot.com	8
shnool.lamtec.com	shnool.lamtec.com	8
socialjustice.org	socialjustice.org	8
strategis.ic.gc.ca	strategis.ic.gc.ca	8
theTyee.ca	theTyee.ca	8
thetyee.ca	thetyee.ca	8
thinktwicecanada.ca	thinktwicecanada.ca	8
tinyurl.com	tinyurl.com	9
toronto_health.tripod.com	toronto_health.tripod.com	8
waysandmeans.house.gov	waysandmeans.house.gov	8
wired-vig.wired.com	wired-vig.wired.com	8
workingtv.com	workingtv.com	8
www2.phreak.co.uk	www2.phreak.co.uk	8
www3.sympatico.ca	www3.sympatico.ca	8
abolitionnow.org	abolitionnow.org	8
accessmed-msf.org	accessmed-msf.org	8
accessmedmsf.org	accessmedmsf.org	8
acme-eau.com	acme-eau.com	8
actionworks.ca	actionworks.ca	8
actra.ca	actra.ca	8
aidslaw.ca	aidslaw.ca	8
aidspan.org	aidspan.org	8
americas.org	americas.org	8
americaspolicy.org	americaspolicy.org	8
assembly.ab.ca	assembly.ab.ca	8
assembly.nu.ca	assembly.nu.ca	8
assembly.pe.ca	assembly.pe.ca	8
assnat.qc.ca	assnat.qc.ca	8
banterminator.org	banterminator.org	8
bbc.guelph.org	bbc.guelph.org	8
bctf.bc.ca	bctf.bc.ca	8
betterchoice.ca	betterchoice.ca	8
biodiv.org	biodiv.org	8
canadians-cambridge.org	canadians-cambridge.org	8
canadians-london.org	canadians-london.org	8
canadians-montreal.org	canadians-montreal.org	8
caut.ca	caut.ca	8
caw.ca	caw.ca	8
ccic.ca	ccic.ca	8
ccsd.ca	ccsd.ca	33
ceasefire.ca	ceasefire.ca	26
cela.ca	cela.ca	8
cfs-fcee.ca	cfs-fcee.ca	8
childcareadvocacy.ca	childcareadvocacy.ca	8
cielap.org	cielap.org	8
citizen.org	citizen.org	8
clc-ctc.ca	clc-ctc.ca	8
cmaj.ca	cmaj.ca	8
commonfrontiers.ca	commonfrontiers.ca	8
consumersinternational.org	consumersinternational.org	8
coopradio.org	coopradio.org	8
corporateeurope.org	corporateeurope.org	8
corpwatch.org	corpwatch.org	8
counterpunch.org	counterpunch.org	8
cpj.ca	cpj.ca	8
criaw-icref.ca	criaw-icref.ca	8
cyberpresse.ca	cyberpresse.ca	10
davidsuzuki.org	davidsuzuki.org	59
ddsindia.com	ddsindia.com	8
denieuweomroep.nl	denieuweomroep.nl	8
devp.org	devp.org	8
dfaitmaeci.gc.ca	dfaitmaeci.gc.ca	8
diversewomen.com	diversewomen.com	8
earthisland.org	earthisland.org	8
electionsontario.on.ca	electionsontario.on.ca	8
ene.gov.on.ca	ene.gov.on.ca	8
environmentvoters.org	environmentvoters.org	8
equalvoice.ca	equalvoice.ca	8
etcgroup.org	etcgroup.org	8
fafia-afai.org	fafia-afai.org	8
fairvotecanada.org	fairvotecanada.org	12
finances.gouv.fr	finances.gouv.fr	8
focusweb.org	focusweb.org	8
foecanada.org	foecanada.org	8
foe.co.uk	foe.co.uk	8
fpif.org	fpif.org	8
fpnpoc.ca	fpnpoc.ca	8
friends.ca	friends.ca	8
friendsofmedicare.ab.ca	friendsofmedicare.ab.ca	8
frontnb.ca	frontnb.ca	8
ftaa-alca.org	ftaa-alca.org	8
genderandtrade.net	genderandtrade.net	8
genecampaign.org	genecampaign.org	8
globalaware.org	globalaware.org	8
globaltreatmentaccess.org	globaltreatmentaccess.org	8
gov.mb.ca	gov.mb.ca	8
gov.ns.ca	gov.ns.ca	8
gov.yk.ca	gov.yk.ca	8
greenpeace.ca	greenpeace.ca	8
greenpeace.org	greenpeace.org	8
halifaxinitiative.org	halifaxinitiative.org	8
healthcarecommission.ca	healthcarecommission.ca	8
hoa.gov.nl.ca	hoa.gov.nl.ca	8
hwcn.org	hwcn.org	8
iatp.org	iatp.org	8
icad-cisd.com	icad-cisd.com	8
ifg.org	ifg.org	8
ijc.org	ijc.org	8
impacs.org	impacs.org	8
incd.net	incd.net	8
informaction.org	informaction.org	8
investmentwatch.org	investmentwatch.org	8
ipsos-na.com	ipsos-na.com	8
jian.ca	jian.ca	8
kairoscanada.org	kairoscanada.org	26
karvonenfilms.com	karvonenfilms.com	8
labornet.org	labornet.org	8
lancs.ac.uk	lancs.ac.uk	8
legassembly.sk.ca	legassembly.sk.ca	8
legis.gov.bc.ca	legis.gov.bc.ca	8
lubicon.ca	lubicon.ca	8
macromedia.com	macromedia.com	8
maherarar.ca	maherarar.ca	8
makingthelinksradio.ca	makingthelinksradio.ca	8
maquilasolidarity.org	maquilasolidarity.org	8
massiveeffort.org	massiveeffort.org	8
mddep.gouv.qc.ca	mddep.gouv.qc.ca	8
mediatrust.org	mediatrust.org	8
medicare.ca	medicare.ca	26
minesactioncanada.org	minesactioncanada.org	8
miningwatch.ca	miningwatch.ca	8
mnr.gov.on.ca	mnr.gov.on.ca	8
msf.org	msf.org	8
napo-onap.ca	napo-onap.ca	8
nawl.ca	nawl.ca	8
necessaryvoices.org	necessaryvoices.org	8
nfu.ca	nfu.ca	8
ns-medicare.tripod.com	ns-medicare.tripod.com	8
nsnu.ns.ca	nsnu.ns.ca	8
nupge.ca	nupge.ca	8
nursesunions.ca	nursesunions.ca	8
oneworld.net	oneworld.net	8
ontariohealthcoalition.ca	ontariohealthcoalition.ca	8
osstf.on.ca	osstf.on.ca	8
PAWSCanada.ca	PAWSCanada.ca	8
pcparty.org	pcparty.org	8
peaceinspace.com	peaceinspace.com	8
peopleforeducation.com	peopleforeducation.com	8
percyschmeiser.com	percyschmeiser.com	8
perfectworldproductions.com	perfectworldproductions.com	8
pgs.ca	pgs.ca	8
planetvote.net	planetvote.net	8
polarisinstitute.org	polarisinstitute.org	26
policayalternatives.ca	policayalternatives.ca	8
policy,org.za	policy,org.za	8
powi.ca	powi.ca	8
progressivecanadian.org	progressivecanadian.org	8
psac.com	psac.com	8
psrast.org	psrast.org	8
publiccitizen.org	publiccitizen.org	8
rantburg.com	rantburg.com	8
redpepper.org.uk	redpepper.org.uk	8
resisters.ca	resisters.ca	8
rightlivelihood.org	rightlivelihood.org	8
savemedicare.com	savemedicare.com	8
scfp.ca	scfp.ca	8
sierraclub.ca	sierraclub.ca	8
sierralegal.org	sierralegal.org	59
smirkingchimp.com	smirkingchimp.com	8
solidaritesante.qc.ca	solidaritesante.qc.ca	8
speakeasy.org	speakeasy.org	8
spinproject.org	spinproject.org	8
state.gov	state.gov	8
thealliancefordemocracy.org	thealliancefordemocracy.org	8
theecologist.org	theecologist.org	8
tni.org	tni.org	8
tommydouglas.ca	tommydouglas.ca	8
troubledwater.org	troubledwater.org	8
tvac.ca	tvac.ca	8
twnside.org.sg	twnside.org.sg	8
ualberta.ca	ualberta.ca	8
ucsusa.org	ucsusa.org	59
unaids.org	unaids.org	8
un.org	un.org	8
unseulmonde.ca	unseulmonde.ca	8
uswa.ca	uswa.ca	8
voteeducation.ca	voteeducation.ca	8
voteforachange.ca	voteforachange.ca	8
vshiva.net	vshiva.net	8
wcel.org	wcel.org	8
wdm.org.uk	wdm.org.uk	8
web.ca	web.ca	8
who.int	who.int	8
wilsoncenter.org	wilsoncenter.org	8
worldadvocacy.com	worldadvocacy.com	8
worldsocialforum.org	worldsocialforum.org	8
worldwatercouncil.org	worldwatercouncil.org	8
worldwaterforum.org	worldwaterforum.org	8
wtoaction.org	wtoaction.org	8
wto.org	wto.org	8
chealth.canoe.ca	chealth.canoe.ca	23
homeandgarden.canoe.ca	homeandgarden.canoe.ca	23
jam.canoe.ca	jam.canoe.ca	23
lifewise.canoe.ca	lifewise.canoe.ca	23
money.canoe.ca	money.canoe.ca	23
slam.canoe.ca	slam.canoe.ca	23
travel.canoe.ca	travel.canoe.ca	23
autonet.ca	autonet.ca	23
ccla.org	ccla.org	24
search.web.ca	search.web.ca	24
errors.zeus.com	errors.zeus.com	33
mkruse.netexpress.net	mkruse.netexpress.net	33
fcm.ca	fcm.ca	59
laidlawfdn.org	laidlawfdn.org	33
prevention.gc.ca	prevention.gc.ca	33
vsi-isbc.ca	vsi-isbc.ca	33
oee.nrcan.gc.ca	oee.nrcan.gc.ca	59
wlapgov.bc.ca	wlapgov.bc.ca	59
canadianrainforests.org	canadianrainforests.org	59
douglas-mcintyre.com	douglas-mcintyre.com	59
eere.energy.gov	eere.energy.gov	59
epa.gov	epa.gov	59
ipcc.ch	ipcc.ch	59
maestrocms.com	maestrocms.com	59
maestrocms.net	maestrocms.net	59
marqui.com	marqui.com	59
pembina.org	pembina.org	59
sacredbalance.com	sacredbalance.com	59
forces.gc.ca	forces.gc.ca	41
index.forces.gc.ca	index.forces.gc.ca	41
72.14.207.104	72.14.207.104	74
bitheway.org	bitheway.org	74
erg.environics.net	erg.environics.net	74
mappoint.msn.com	mappoint.msn.com	74
reg.dailycamera.com	reg.dailycamera.com	74
allthingsbi.com	allthingsbi.com	74
biresource.org	biresource.org	74
bisexual.org	bisexual.org	74
christianweek.org	christianweek.org	74
courts.gov.bc.ca	courts.gov.bc.ca	74
cpa.ca	cpa.ca	74
cupw.ca	cupw.ca	74
electionprediction.org	electionprediction.org	74
equal-marriage.ca	equal-marriage.ca	74
galebc.org	galebc.org	74
harperstiestousa.org	harperstiestousa.org	74
insomniacpress.com	insomniacpress.com	74
intersex-awareness-day.org	intersex-awareness-day.org	74
isna.org	isna.org	74
law.utoronto.ca	law.utoronto.ca	74
mapquest.com	mapquest.com	74
mariageegal.ca	mariageegal.ca	74
now.org	now.org	74
operationrescue.org	operationrescue.org	74
planetout.com	planetout.com	74
promisekeepers.ca	promisekeepers.ca	74
promisekeepers.org	promisekeepers.org	74
rememberingourdead.org	rememberingourdead.org	74
sesresearch.com	sesresearch.com	74
torontobinet.org	torontobinet.org	74
umn.edu	umn.edu	74
voxveritas.org	voxveritas.org	74
worldsikh.org	worldsikh.org	74
elp.gov.bc.ca	elp.gov.bc.ca	59
env.gov.bc.ca	env.gov.bc.ca	59
xynapse.ca	xynapse.ca	8
est.org.uk	est.org.uk	38
amateur.kahovsky.com	amateur.kahovsky.com	12
animalporn.freesex-picture.com	animalporn.freesex-picture.com	12
asian.kahovsky.com	asian.kahovsky.com	12
bcn.boulder.co.us	bcn.boulder.co.us	12
bigtits.kahovsky.com	bigtits.kahovsky.com	12
black.kahovsky.com	black.kahovsky.com	12
blowjob.kahovsky.com	blowjob.kahovsky.com	12
bondage.erosway.com	bondage.erosway.com	12
boy.kahovsky.com	boy.kahovsky.com	12
cartoon.kahovsky.com	cartoon.kahovsky.com	12
celebrity.kahovsky.com	celebrity.kahovsky.com	12
condorcet.org	condorcet.org	12
deflorationga28.selectedsex.com	deflorationga28.selectedsex.com	12
demochoice.ca	demochoice.ca	12
emocracia.no.sapo.pt	emocracia.no.sapo.pt	12
fetish.erosway.com	fetish.erosway.com	12
foot.kahovsky.com	foot.kahovsky.com	12
fvc.emmett.ca	fvc.emmett.ca	12
gangbang.kahovsky.com	gangbang.kahovsky.com	12
gay.kahovsky.com	gay.kahovsky.com	12
gay-sex.beast-sex.ws	gay-sex.beast-sex.ws	12
hardcore.elitecities.com	hardcore.elitecities.com	12
hardcore.kahovsky.com	hardcore.kahovsky.com	12
indian-sex.beast-sex.ws	indian-sex.beast-sex.ws	12
lesbian.kahovsky.com	lesbian.kahovsky.com	12
lists.electorama.com	lists.electorama.com	12
mararrar.lol	mararrar.lol	12
mature.kahovsky.com	mature.kahovsky.com	12
mature-sex-fantasy.com	mature-sex-fantasy.com	12
mitglied.lycos.de	mitglied.lycos.de	12
momshunters.kahovsky.com	momshunters.kahovsky.com	12
moremilfs.kahovsky.com	moremilfs.kahovsky.com	12
NA	NA	12
personales.com	personales.com	12
pets.animal-sex-pictures.org	pets.animal-sex-pictures.org	12
preferentialballotparty.org	preferentialballotparty.org	12
pregnant.kahovsky.com	pregnant.kahovsky.com	12
raped.dynup.net	raped.dynup.net	12
rape.kahovsky.com	rape.kahovsky.com	12
teen.elitecities.com	teen.elitecities.com	12
teen.kahovsky.com	teen.kahovsky.com	12
virgin.kahovsky.com	virgin.kahovsky.com	12
wwp.mirabilis.com	wwp.mirabilis.com	12
1adult-sex.com	1adult-sex.com	12
aceproject.org	aceproject.org	12
angelfire.com	angelfire.com	12
back-end.org	back-end.org	12
citizensassembly.bc.ca.	citizensassembly.bc.ca.	12
citizensassembly.bc.ca	citizensassembly.bc.ca	12
dadsgangbang.com	dadsgangbang.com	12
democrat.ca	democrat.ca	12
democratie-nouvelle.qc.ca	democratie-nouvelle.qc.ca	12
democratie-nouvelle.qc.ca.	democratie-nouvelle.qc.ca.	12
djfuck.net	djfuck.net	12
ece.ualberta.ca	ece.ualberta.ca	12
fairvote.ca.	fairvote.ca.	12
fairvote.ca	fairvote.ca	12
fairvotecanada.org.	fairvotecanada.org.	12
gnu.org	gnu.org	12
gojotv.com	gojotv.com	12
gordonreid.netfirms.com	gordonreid.netfirms.com	12
iapr.ca	iapr.ca	12
institutions-democratiques.gouv.qc.ca	institutions-democratiques.gouv.qc.ca	12
lcc.gc.ca	lcc.gc.ca	12
magma.ca	magma.ca	12
mich.com	mich.com	12
mmp.org.nz	mmp.org.nz	12
mysteriesofcanada.com	mysteriesofcanada.com	12
nude--nude.com	nude--nude.com	12
openconcept.ca	openconcept.ca	12
pantyhose-sex-free-pictures.com	pantyhose-sex-free-pictures.com	12
pornhome.com	pornhome.com	12
sentex.net	sentex.net	12
sexjur.com	sexjur.com	12
sinister-designs.com	sinister-designs.com	12
sleazy-pics.com	sleazy-pics.com	12
votepr.org	votepr.org	12
webhosting.freedomsite.org	webhosting.freedomsite.org	22
egh.gca.ca	egh.gca.ca	59
sustain.web.ca	sustain.web.ca	59
acapcb.ns.ca	acapcb.ns.ca	59
bathurstsustainabledevelopment.com	bathurstsustainabledevelopment.com	59
c2p2online.com	c2p2online.com	59
canadiangeographic.ca	canadiangeographic.ca	59
care2.com	care2.com	59
charityvillage.com	charityvillage.com	59
chra-achru.ca	chra-achru.ca	59
citygreen.ca	citygreen.ca	59
cleancalgary.org	cleancalgary.org	59
cleannorth.org	cleannorth.org	59
clean.ns.ca	clean.ns.ca	59
climatechange.gc.ca	climatechange.gc.ca	59
cmhc-schl.gc.ca	cmhc-schl.gc.ca	59
conservationcorps.nf.ca	conservationcorps.nf.ca	59
conservationcouncil.ca	conservationcouncil.ca	59
crossdraw.com	crossdraw.com	59
ecee.on.ca	ecee.on.ca	59
ecoperth.on.ca	ecoperth.on.ca	59
ecosuperior.com	ecosuperior.com	59
envirocentre.ca	envirocentre.ca	59
environmentnetwork.org	environmentnetwork.org	59
equiterre.org	equiterre.org	59
equiterre.qc.ca	equiterre.qc.ca	59
eya.ca	eya.ca	59
fallsbrookcentre.ca	fallsbrookcentre.ca	59
greencommunitiescanada.org	greencommunitiescanada.org	59
greensaver.org	greensaver.org	59
greenup.on.ca	greenup.on.ca	59
greenventure.ca	greenventure.ca	59
greenventure.on.ca	greenventure.on.ca	59
hearthmakers.org	hearthmakers.org	59
isn.net	isn.net	59
ntgc.ca	ntgc.ca	59
ottawariverinstitute.ca	ottawariverinstitute.ca	59
planetfriendly.net	planetfriendly.net	59
pollutionprobe.org	pollutionprobe.org	59
rco.on.ca	rco.on.ca	59
resourceconservation.mb.ca	resourceconservation.mb.ca	59
rideauenvironmentalactionleague.org	rideauenvironmentalactionleague.org	59
saferoutestoschool.ca	saferoutestoschool.ca	59
severnsound.ca	severnsound.ca	59
timminschamber.on.ca	timminschamber.on.ca	59
torontoenvironment.org	torontoenvironment.org	59
trca.on.ca	trca.on.ca	59
wellaware.ca	wellaware.ca	59
windfallcentre.ca	windfallcentre.ca	59
heritagefront.com	heritagefront.com	22
mnq.qc.ca	mnq.qc.ca	25
accentbleu.com	accentbleu.com	25
fetenationale.qc.ca	fetenationale.qc.ca	25
irq.qc.ca	irq.qc.ca	25
solsticedesnations.com	solsticedesnations.com	25
anfd.ca	anfd.ca	8
hri.ca	hri.ca	8
owjn.org	owjn.org	8
nosharia.com	nosharia.com	12
pubs.lemonde.fr	pubs.lemonde.fr	12
1qaz.biz	1qaz.biz	12
butterfliesandwheels.com	butterfliesandwheels.com	12
childrenfirstnow.com	childrenfirstnow.com	12
interflora.se	interflora.se	12
safewatergroup.org	safewatergroup.org	12
asadismi.ws	asadismi.ws	26
citizensbudgetcommission.ca	citizensbudgetcommission.ca	26
costshift.ca	costshift.ca	26
labourrights.ca	labourrights.ca	26
maritamoll.ca	maritamoll.ca	26
pencilneck.net	pencilneck.net	26
policyalternatives.org	policyalternatives.org	26
raisedeyebrow.com	raisedeyebrow.com	26
world-psi.org	world-psi.org	26
equalityrights.org	equalityrights.org	27
ppforum.com	ppforum.com	33
atirtf-geai.gc.ca	atirtf-geai.gc.ca	33
cio-dpi.gc.ca	cio-dpi.gc.ca	33
fmc-law.com	fmc-law.com	33
forumpp.ca	forumpp.ca	33
infopop.com	infopop.com	33
lotus.com	lotus.com	33
pmrc.com	pmrc.com	33
ppforum.ca	ppforum.ca	33
renoufbooks.com	renoufbooks.com	33
rfausa.com	rfausa.com	12
networksolutions.com	networksolutions.com	12
rightsofchildren.ca	rightsofchildren.ca	26
socialist.ca	socialist.ca	8
istendency.net	istendency.net	8
magomania.com	magomania.com	8
uni-bamberg.de	uni-bamberg.de	28
unicef.ca	unicef.ca	29
unicef.org	unicef.org	30
usatoday.com	usatoday.com	9
voluntarysector.mb.ca	voluntarysector.mb.ca	31
cic.gc.ca	cic.gc.ca	8
compucorps.org	compucorps.org	8
fas.org	fas.org	8
ploughshares.ca	ploughshares.ca	8
unhcr.ch	unhcr.ch	8
canadaonline.about.com	canadaonline.about.com	8
ntp1.kookiejar.net	ntp1.kookiejar.net	8
localhost	localhost	32
calendarix.com	calendarix.com	32
dev.greenparty.ca	dev.greenparty.ca	9
leonardodicaprio.org	leonardodicaprio.org	9
provincialseparatism.blogspot.com	provincialseparatism.blogspot.com	12
termlife-insurance.tripod.com	termlife-insurance.tripod.com	12
arlington-stingrays.org	arlington-stingrays.org	22
ccwgroup.com	ccwgroup.com	22
hillerstudios.com	hillerstudios.com	22
kaotek.com	kaotek.com	22
mandsstudiopa.com	mandsstudiopa.com	22
myteeundercar.com	myteeundercar.com	22
puebloairmotive.com	puebloairmotive.com	22
pvgbw.org	pvgbw.org	22
whitecrestonline.com	whitecrestonline.com	22
whyreadthepaper.com	whyreadthepaper.com	22
austlii.edu.au	austlii.edu.au	74
caledoninst.org	caledoninst.org	8
communitypipe.org	communitypipe.org	8
ericmargolis.com	ericmargolis.com	8
ontla.on.ca	ontla.on.ca	59
wilfreddaylawoffice.com	wilfreddaylawoffice.com	12
dcplanet.org	dcplanet.org	59
ontario-sea.org	ontario-sea.org	59
search.ndp.ca	search.ndp.ca	8
toronto.ca	toronto.ca	59
search.toronto.ca	search.toronto.ca	59
michaelignatieff.ca	michaelignatieff.ca	10
abc.net.au	abc.net.au	8
whywork.org	whywork.org	12
home.graffiti.net	home.graffiti.net	22
one.fsphost.com	one.fsphost.com	22
spaces.msn.com	spaces.msn.com	22
haywired.com	haywired.com	22
homepagez.com	homepagez.com	22
hostunlim.com	hostunlim.com	22
koolpages.com	koolpages.com	22
oddworldz.com	oddworldz.com	22
powow.com	powow.com	22
psend.com	psend.com	22
web.uvic.ca	web.uvic.ca	74
repeal43.org	repeal43.org	74
acer-acre.org	acer-acre.org	8
peopleandtheplanet.ca	peopleandtheplanet.ca	8
profitisnotthecure.ca	profitisnotthecure.ca	8
writersfestival.ca	writersfestival.ca	8
gettingtothegate.com	gettingtothegate.com	8
canadaelection.net	canadaelection.net	8
investcan.ic.gc.ca	investcan.ic.gc.ca	26
nl1106.policyalternatives.ca	nl1106.policyalternatives.ca	26
bayteksystems.com	bayteksystems.com	33
sedoparking.com	sedoparking.com	45
sauvonskyoto.org	sauvonskyoto.org	1
davidc.ca	davidc.ca	9
elizabethmay.ca	elizabethmay.ca	9
maurizio.ca	maurizio.ca	10
park3.ireit.com	park3.ireit.com	34
pagead2.googlesyndication.com	pagead2.googlesyndication.com	34
pharma.wdia.com	pharma.wdia.com	59
207.250.176.232	207.250.176.232	59
sev.prnewswire.com	sev.prnewswire.com	59
adoption.ca	adoption.ca	74
connexions.org	connexions.org	8
edmontonsun.com	edmontonsun.com	8
cbsm.com	cbsm.com	59
codegreen.tv	codegreen.tv	59
lakeladies.ca	lakeladies.ca	59
reepwaterlooregion.ca	reepwaterlooregion.ca	59
latvian-holocaust.com	latvian-holocaust.com	59
chronicle.augusta.com	chronicle.augusta.com	59
feed.insnews.org	feed.insnews.org	59
hop.clickbank.net	hop.clickbank.net	59
mlb.mlb.com	mlb.mlb.com	59
releases.usnewswire.com	releases.usnewswire.com	59
timesunion.com	timesunion.com	59
azcentral.com	azcentral.com	59
bismarcktribune.com	bismarcktribune.com	59
businessedge.ca	businessedge.ca	59
capitalnews9.com	capitalnews9.com	59
cbsnews.com	cbsnews.com	59
contracostatimes.com	contracostatimes.com	59
drugnewswire.com	drugnewswire.com	59
fcnp.com	fcnp.com	59
irishexaminer.com	irishexaminer.com	59
localtechwire.com	localtechwire.com	59
myrtlebeachonline.com	myrtlebeachonline.com	59
southernillinoisan.com	southernillinoisan.com	59
thestate.com	thestate.com	59
thetandd.com	thetandd.com	59
yorku.ca	yorku.ca	8
best.wdia.com	best.wdia.com	35
medicalmanagement.ag	medicalmanagement.ag	35
home.comcast.net	home.comcast.net	36
comcast.net	comcast.net	36
lois.justice.gc.ca	lois.justice.gc.ca	74
justice.gc.ca	justice.gc.ca	8
pco-bcp.gc.ca	pco-bcp.gc.ca	74
drug-online.petrovka.info	drug-online.petrovka.info	12
bnp.org.uk	bnp.org.uk	12
CanadianAlly.com	CanadianAlly.com	8
cupe.bc.ca	cupe.bc.ca	8
stopdevilslake.com	stopdevilslake.com	8
whistlerwatch.org	whistlerwatch.org	8
youtube.com	youtube.com	10
unfccc.int	unfccc.int	59
mycanada.agoracosmopolitan.com	mycanada.agoracosmopolitan.com	0
silvafor.org	silvafor.org	59
ads.networksolutions.com	ads.networksolutions.com	12
coat.openconcept.ca	coat.openconcept.ca	7
jasoncherniak.blogspot.com	jasoncherniak.blogspot.com	8
blogger.com	blogger.com	8
entrust.net	entrust.net	10
liberalalberta.ca	liberalalberta.ca	10
liberal.nf.net	liberal.nf.net	10
liberal.ns.ca	liberal.ns.ca	10
liberalpartyofcanada-mb.ca	liberalpartyofcanada-mb.ca	10
lpcbc.com	lpcbc.com	10
lpco.ca	lpco.ca	10
nblib.nb.ca	nblib.nb.ca	10
plcq.ca	plcq.ca	10
saskliberal.ca	saskliberal.ca	10
CanadianEqualParentingGroups.ca	CanadianEqualParentingGroups.ca	74
landmines.org.uk	landmines.org.uk	37
fntg.org	fntg.org	8
osezvouslancer.com	osezvouslancer.com	8
portal.est.org.uk	portal.est.org.uk	38
climateactionnetwork.ca	climateactionnetwork.ca	59
ecosource.ca	ecosource.ca	59
faith-commongood.net	faith-commongood.net	59
sustain-ability.ca	sustain-ability.ca	59
grandrivertoys.com	grandrivertoys.com	39
sft-ddt.gc.ca	sft-ddt.gc.ca	8
lfpress.ca	lfpress.ca	9
canadianheritagealliance.com	canadianheritagealliance.com	22
recomnetwork.org	recomnetwork.org	22
peterborough-kawarthas.org	peterborough-kawarthas.org	8
www3.islandtelecom.com	www3.islandtelecom.com	8
citygardenspei.com	citygardenspei.com	8
pairo.org	pairo.org	8
rodd-hotels.ca	rodd-hotels.ca	8
theholmteam.ca	theholmteam.ca	8
waterinthecityvictoria.ca	waterinthecityvictoria.ca	8
montreal2006.org	montreal2006.org	74
fftimes.com	fftimes.com	8
collections.ic.gc.ca	collections.ic.gc.ca	8
rainyriverrecord.com	rainyriverrecord.com	8
gardedenfants.ca	gardedenfants.ca	40
cleanairalliance.org	cleanairalliance.org	59
wrwcanada.com	wrwcanada.com	59
marpac.dnd.ca	marpac.dnd.ca	41
ndparking.de	ndparking.de	42
news.utoronto.ca	news.utoronto.ca	9
fromthewilderness.com	fromthewilderness.com	8
media.greenparty.ca	media.greenparty.ca	9
thechronicleherald.ca	thechronicleherald.ca	9
570news.com	570news.com	9
680news.com	680news.com	8
hamiltonspectator.com	hamiltonspectator.com	9
news1130.com	news1130.com	9
ottawagreens.ca.	ottawagreens.ca.	9
capebretonu.ca	capebretonu.ca	74
cp.org	cp.org	74
council-of-canadians.c.topica.com	council-of-canadians.c.topica.com	8
video.google.ca	video.google.ca	8
video.google.com	video.google.com	8
aclu.org	aclu.org	8
bedsandbreakfasts.ca	bedsandbreakfasts.ca	8
buildingworldpeace.com	buildingworldpeace.com	8
canadianvoices.org	canadianvoices.org	8
ecdev.gov.bc.ca	ecdev.gov.bc.ca	8
oceansidecoalition.org	oceansidecoalition.org	8
tbsource.com	tbsource.com	8
aea.nt.ca	aea.nt.ca	59
sauvonslepcj.ca	sauvonslepcj.ca	8
savecourtchallenges.ca	savecourtchallenges.ca	8
signs-of-the-times.org	signs-of-the-times.org	43
sustainweb.org	sustainweb.org	44
globesports.com	globesports.com	8
victims-of-trafficking.org	victims-of-trafficking.org	45
wcfu.com	wcfu.com	45
sedo.com	sedo.com	45
equalvoiceyouth.blogspot.com	equalvoiceyouth.blogspot.com	8
ourart4u.com	ourart4u.com	12
psyccareers.com	psyccareers.com	74
rgardner.com	rgardner.com	74
chektv.com	chektv.com	46
climatenetwork.org	climatenetwork.org	59
Content Archive	Content Archive	8
ecre.org	ecre.org	47
calgarypubliclibrary.com	calgarypubliclibrary.com	9
pubs.branchez-vous.com	pubs.branchez-vous.com	10
meganwalker.ca	meganwalker.ca	8
nl1203.policyalternatives.ca	nl1203.policyalternatives.ca	26
growinggap.ca	growinggap.ca	26
stephanebourgon.ca	stephanebourgon.ca	8
climatecrisis.net	climatecrisis.net	59
stephanedion.ca	stephanedion.ca	10
weblogs.macleans.ca	weblogs.macleans.ca	8
cowichannewsleader.com	cowichannewsleader.com	8
srpska-mreza.com	srpska-mreza.com	8
zwire.com	zwire.com	8
dnbweb1.blackbaud.com	dnbweb1.blackbaud.com	59
grist.org	grist.org	59
fvc_cs.openconcept.ca	fvc_cs.openconcept.ca	12
jigsaw.w3.org	jigsaw.w3.org	12
uc.org	uc.org	12
citizensassembly.gov.on.ca	citizensassembly.gov.on.ca	12
idea.int	idea.int	12
statusreport.ca	statusreport.ca	8
rockridgeinstitute.org	rockridgeinstitute.org	26
customer.globeandmail.ca	customer.globeandmail.ca	8
vch.ca	vch.ca	48
ccrweb.ca	ccrweb.ca	8
artofbeinggreen.ca	artofbeinggreen.ca	49
internationalplazatoronto.doubletree.com	internationalplazatoronto.doubletree.com	8
nowtoronto.com	nowtoronto.com	8
parkplaza.com	parkplaza.com	8
radisson.com	radisson.com	8
trilliumfoundation.org	trilliumfoundation.org	59
economics.uwaterloo.ca	economics.uwaterloo.ca	9
music2hues.com	music2hues.com	50
netfemmes.cdeacf.ca	netfemmes.cdeacf.ca	8
womenvote.ca	womenvote.ca	8
nl1311.policyalternatives.ca	nl1311.policyalternatives.ca	26
unepfi.org	unepfi.org	59
amnesty.ca	amnesty.ca	8
circonscriptions.partivert.ca	circonscriptions.partivert.ca	9
demanddemocraticdebates.ca	demanddemocraticdebates.ca	9
HostItGreen.com	HostItGreen.com	9
canadianlabour.ca	canadianlabour.ca	8
news.bbc.co.uk	news.bbc.co.uk	59
amazon.ca	amazon.ca	59
bchydro.com	bchydro.com	26
best.bc.ca	best.bc.ca	59
ccp.ca	ccp.ca	59
climatetrust.org	climatetrust.org	59
earth-policy.org	earth-policy.org	59
goforgreen.ca	goforgreen.ca	59
greenatworktoday.com	greenatworktoday.com	59
mbayaq.org	mbayaq.org	59
nationalgeographic.com	nationalgeographic.com	59
newscientist.com	newscientist.com	59
panda.org	panda.org	59
sciam.com	sciam.com	59
seachoice.org	seachoice.org	59
sierraclub.org	sierraclub.org	59
smartgrowth.bc.ca	smartgrowth.bc.ca	59
theclimategroup.org	theclimategroup.org	59
ticketmaster.ca	ticketmaster.ca	59
treehugger.com	treehugger.com	59
worldchanging.com	worldchanging.com	59
cybersolidaires.org	cybersolidaires.org	8
electionreform.meetup.com	electionreform.meetup.com	12
mirsaya.com	mirsaya.com	12
help.register.com	help.register.com	22
oascentral.register.com	oascentral.register.com	22
register.com	register.com	22
snapnames.com	snapnames.com	22
pei.liberal.ca	pei.liberal.ca	10
libertarian.on.ca	libertarian.on.ca	8
w1.buysub.com	w1.buysub.com	74
cmte.parl.gc.ca	cmte.parl.gc.ca	8
egalitedesfemmes.ca	egalitedesfemmes.ca	8
womensequality.ca	womensequality.ca	8
reunification.ca	reunification.ca	8
goodsforgreens.myshopify.com	goodsforgreens.myshopify.com	9
stephenlafrenie.blogspot.com	stephenlafrenie.blogspot.com	9
mimeguy.com	mimeguy.com	9
soop.ca	soop.ca	9
tvo.org	tvo.org	9
twawareness.org	twawareness.org	9
ap.org	ap.org	74
IntegrateThis.ca	IntegrateThis.ca	8
challenge.davidsuzuki.org	challenge.davidsuzuki.org	59
forests.org	forests.org	59
pubs.wri.org	pubs.wri.org	59
webinfo.parl.gc.ca	webinfo.parl.gc.ca	10
alpineclubofcanada.ca	alpineclubofcanada.ca	59
atmosfair.de	atmosfair.de	59
bcfacts.org	bcfacts.org	59
bcsea.org	bcsea.org	59
cape.ca	cape.ca	59
carpool.ca	carpool.ca	59
cineclix.com	cineclix.com	59
cleanair-coolplanet.org	cleanair-coolplanet.org	59
climateark.org	climateark.org	59
climatebiz.com	climatebiz.com	59
climatecare.org	climatecare.org	59
climatefriendly.com	climatefriendly.com	59
climatesolutions.org	climatesolutions.org	59
climatmundi.fr	climatmundi.fr	59
cool-companies.org	cool-companies.org	59
ecoforestry.ca	ecoforestry.ca	59
ecolumber.ca	ecolumber.ca	59
energystar.gov	energystar.gov	59
environmentaldefence.ca	environmentaldefence.ca	59
environmentaldefense.org	environmentaldefense.org	59
environmentalindicators.com	environmentalindicators.com	59
fscoax.org	fscoax.org	59
fueleconomy.gov	fueleconomy.gov	59
future.org	future.org	59
ghgprotocol.org	ghgprotocol.org	59
gogreen.com	gogreen.com	59
gov.bc.ca	gov.bc.ca	59
greentagsusa.org	greentagsusa.org	59
ivc.ca	ivc.ca	59
mec.ca	mec.ca	59
motherjones.com	motherjones.com	59
myclimate.org	myclimate.org	59
nativeenergy.com	nativeenergy.com	59
nrdc.org	nrdc.org	59
oma.org	oma.org	59
savethehighseas.org	savethehighseas.org	59
spec.bc.ca	spec.bc.ca	59
terra10k.com	terra10k.com	59
theweathermakers.ca	theweathermakers.ca	59
tufts.edu	tufts.edu	59
ubcpress.ca	ubcpress.ca	59
vanaqua.org	vanaqua.org	59
yosemite.epa.gov	yosemite.epa.gov	59
armory.com	armory.com	74
bwdsb.on.ca	bwdsb.on.ca	74
ctf-fce.ca	ctf-fce.ca	74
etfo.ca	etfo.ca	74
fyrefly.ualberta.ca	fyrefly.ualberta.ca	74
helpingout.ca	helpingout.ca	74
sacsc.ca	sacsc.ca	74
teachers.ab.ca	teachers.ab.ca	74
vsb.bc.ca	vsb.bc.ca	74
wiredforhealth.gov.uk	wiredforhealth.gov.uk	74
conferenceboard.ca	conferenceboard.ca	8
ipu.org	ipu.org	8
civicspacelabs.org	civicspacelabs.org	12
dental-insurance-and-plan.isgreat.org	dental-insurance-and-plan.isgreat.org	12
drupal.org	drupal.org	12
geoffmerrett.co.uk	geoffmerrett.co.uk	12
isis.artcenter.edu	isis.artcenter.edu	12
web.ics.purdue.edu	web.ics.purdue.edu	12
aarw.org	aarw.org	12
ardd.qc.ca	ardd.qc.ca	12
brockportstylus.com	brockportstylus.com	12
cellvision.com	cellvision.com	12
csama.org	csama.org	12
dragvollportalen.no	dragvollportalen.no	12
etteroljen.no	etteroljen.no	12
evms.edu	evms.edu	12
farmkidvid.com	farmkidvid.com	12
hbb-hosting.com	hbb-hosting.com	12
icsitalia.org	icsitalia.org	12
incent.no	incent.no	12
italianostra-milano.it	italianostra-milano.it	12
ivs.no	ivs.no	12
justforhim.com	justforhim.com	12
kongeliga.no	kongeliga.no	12
lauvtrebruk.no	lauvtrebruk.no	12
ledigjobb.no	ledigjobb.no	12
loconet.ca	loconet.ca	12
macoffice.no	macoffice.no	12
maxim-norge.no	maxim-norge.no	12
minimalen.com	minimalen.com	12
oemlasers.com	oemlasers.com	12
powerofknowledge.net	powerofknowledge.net	12
prairieportfestival.com	prairieportfestival.com	12
pshop.no	pshop.no	12
seeingbetterireland.org	seeingbetterireland.org	12
skeivungdom.no	skeivungdom.no	12
steinkjer-avisa.no	steinkjer-avisa.no	12
vanbrokeruk.co.uk	vanbrokeruk.co.uk	12
winfamily.com	winfamily.com	12
zegeniestudios.net	zegeniestudios.net	12
blog.greenparty.ca	blog.greenparty.ca	9
cluecan.ca	cluecan.ca	9
kevinsgreenpartyblog.blogharbor.com	kevinsgreenpartyblog.blogharbor.com	9
news.sympatico.msn.ctv.ca	news.sympatico.msn.ctv.ca	9
ottawasouthgreens.ca	ottawasouthgreens.ca	9
ucla.facebook.com	ucla.facebook.com	9
web.partivert.ca	web.partivert.ca	9
collingwoodmusicfestival.com	collingwoodmusicfestival.com	9
digital-copyright.ca	digital-copyright.ca	9
goslingcommunity.org	goslingcommunity.org	9
greenlivingshow.ca	greenlivingshow.ca	9
linformateurrdp.com	linformateurrdp.com	9
makepovertyhistory.ca	makepovertyhistory.ca	9
nikonthenumbers.com	nikonthenumbers.com	9
pcmag.com	pcmag.com	9
plancanada.com	plancanada.com	9
residentialschoolsettlement.ca	residentialschoolsettlement.ca	37
azzeroco2.it	azzeroco2.it	51
ambienteitalia.it	ambienteitalia.it	51
kyotoclub.org	kyotoclub.org	51
legambiente.com	legambiente.com	51
matrika.it	matrika.it	51
del.icio.us	del.icio.us	8
slashdot.org	slashdot.org	74
digg.com	digg.com	8
ncwcnbes.net	ncwcnbes.net	74
gcreativestudios.com	gcreativestudios.com	59
portovert.com	portovert.com	59
canski.org	canski.org	59
cccski.com	cccski.com	59
ssrsb.ca	ssrsb.ca	74
energysavingtrust.org.uk	energysavingtrust.org.uk	52
www2.blogger.com	www2.blogger.com	8
catalystwomen.org	catalystwomen.org	8
bluefin.cs.ucla.edu	bluefin.cs.ucla.edu	12
chloroplast.cbio.psu.edu	chloroplast.cbio.psu.edu	12
discussions.csbsju.edu	discussions.csbsju.edu	12
ical.be.no	ical.be.no	12
radium.wustl.edu	radium.wustl.edu	12
www2.artcenter.edu	www2.artcenter.edu	12
biodivgrid.org	biodivgrid.org	12
burnttoastvinyl.com	burnttoastvinyl.com	12
indiana.edu	indiana.edu	12
jacklondonsquare.com	jacklondonsquare.com	12
laphilstore.com	laphilstore.com	12
legalforces.be	legalforces.be	12
madnorski.org	madnorski.org	12
minhkhai96.net	minhkhai96.net	12
pukemarock.be	pukemarock.be	12
ravicoltrane.com	ravicoltrane.com	12
sensysnetworks.com	sensysnetworks.com	12
sinc.sunysb.edu	sinc.sunysb.edu	12
somewherein.net	somewherein.net	12
thebowlstore.com	thebowlstore.com	12
wacphila.org	wacphila.org	12
zanzibarblue.com	zanzibarblue.com	12
xhttp.net	xhttp.net	12
fossil.energy.gov	fossil.energy.gov	53
energy.gov	energy.gov	53
cen-rce.org	cen-rce.org	59
cullbridge.com	cullbridge.com	59
worldrecordwalk.ca	worldrecordwalk.ca	59
media.liberal.ca	media.liberal.ca	10
greencameron.blogspot.com	greencameron.blogspot.com	9
lynnecw.francofun.ca	lynnecw.francofun.ca	9
podcast.cbc.ca	podcast.cbc.ca	9
torontosun.com	torontosun.com	74
votecarr.ca	votecarr.ca	9
www2.parl.gc.ca	www2.parl.gc.ca	10
airqualityontario.com	airqualityontario.com	9
amherstdaily.com	amherstdaily.com	9
canadianchristianity.com	canadianchristianity.com	9
chextv.com	chextv.com	9
greenparty.pe.ca	greenparty.pe.ca	9
herald.ca	herald.ca	9
michaelgeist.ca	michaelgeist.ca	9
osgreens.ca	osgreens.ca	9
trinityspadinagreens.ca	trinityspadinagreens.ca	9
yorkregion.com	yorkregion.com	9
yorksimcoegreens.blogspot.com	yorksimcoegreens.blogspot.com	9
ostg.com	ostg.com	74
douglas.ndp.ca	douglas.ndp.ca	8
cgi.bowesonline.com	cgi.bowesonline.com	59
houseandhome.msn.com	houseandhome.msn.com	59
templemontreal.ca	templemontreal.ca	59
ahahome.com	ahahome.com	59
canadaeast.com	canadaeast.com	59
ceedcentre.org	ceedcentre.org	59
ctrchurch.com	ctrchurch.com	59
energyhawk.com	energyhawk.com	59
leeric.lsu.edu	leeric.lsu.edu	59
michaelpollan.com	michaelpollan.com	59
mnp.nl	mnp.nl	59
nhlpa.com	nhlpa.com	59
nnsl.com	nnsl.com	59
riverinstitute.com	riverinstitute.com	59
speciesatrisk.gc.ca	speciesatrisk.gc.ca	59
1url.org	1url.org	12
2site.com	2site.com	12
32url.com	32url.com	12
atk.jp	atk.jp	12
blogs.cjb.net	blogs.cjb.net	12
cal.rom.uga.edu	cal.rom.uga.edu	12
cbr.med.harvard.edu	cbr.med.harvard.edu	12
coerutgers.edu	coerutgers.edu	12
crcp.mit.edu	crcp.mit.edu	12
galeon.com	galeon.com	12
gitara.co.yu	gitara.co.yu	12
gsj.org	gsj.org	12
hier.is	hier.is	12
introchem.chem.okstate.edu	introchem.chem.okstate.edu	12
jeeee.net	jeeee.net	12
journal.eepis-its.edu	journal.eepis-its.edu	12
lpsa.arl.arizona.edu	lpsa.arl.arizona.edu	12
nanoref.com	nanoref.com	12
physmath.bmstu.ru	physmath.bmstu.ru	12
rescomp.stanford.edu	rescomp.stanford.edu	12
schkolyar.spb.edu.ru	schkolyar.spb.edu.ru	12
sitetrafficstats.com	sitetrafficstats.com	12
snipurl.com	snipurl.com	12
thecityreview.com	thecityreview.com	12
tinyurl.com.au	tinyurl.com.au	12
up.eepis-its.edu	up.eepis-its.edu	12
upmunc.org	upmunc.org	12
urlbee.com	urlbee.com	12
urlbounce.com	urlbounce.com	12
urlcut.com	urlcut.com	12
urlkick.com	urlkick.com	12
url.vg	url.vg	12
aux.mtu.edu	aux.mtu.edu	12
bact.wisc.edu	bact.wisc.edu	12
biology.lsa.umich.edu	biology.lsa.umich.edu	12
board-4you.de	board-4you.de	12
cbu.edu	cbu.edu	12
cs.uwf.edu	cs.uwf.edu	12
guaira.pr.gov.br	guaira.pr.gov.br	12
housing.mtu.edu	housing.mtu.edu	12
hyperlink.ca	hyperlink.ca	12
icewarm.com.au	icewarm.com.au	12
kelloggs.fr	kelloggs.fr	12
mcdb.lsa.umich.edu	mcdb.lsa.umich.edu	12
quality.alquds.edu	quality.alquds.edu	12
rfr.rutgers.edu	rfr.rutgers.edu	12
yourfreebb.de	yourfreebb.de	12
energy.gov.on.ca	energy.gov.on.ca	59
peterboroughmoves.com	peterboroughmoves.com	59
heaven-words.com	heaven-words.com	22
crocusdesign.ca	crocusdesign.ca	25
vortexsolution.com	vortexsolution.com	25
apple.com	apple.com	10
hm-treasury.gov.uk	hm-treasury.gov.uk	8
economist.co.uk	economist.co.uk	9
newglasgownews.com	newglasgownews.com	9
news.com.com	news.com.com	9
sciencenow.sciencemag.org	sciencenow.sciencemag.org	9
dominionpaper.ca	dominionpaper.ca	9
fao.org	fao.org	9
reportonbusiness.com	reportonbusiness.com	8
robgordon.ca	robgordon.ca	9
xzone-radio.com	xzone-radio.com	9
lanuovaecologia.it	lanuovaecologia.it	51
toscanaetica.it	toscanaetica.it	51
statcounter.com	statcounter.com	33
canada-afghanistan.gc.ca	canada-afghanistan.gc.ca	8
archive.pcma.org	archive.pcma.org	59
cerc04.org	cerc04.org	59
desmogblog.com	desmogblog.com	59
dfo-mpo.gc.ca	dfo-mpo.gc.ca	59
ecologyaction.ca	ecologyaction.ca	59
globalforestwatch.ca	globalforestwatch.ca	59
habitatmedia.org	habitatmedia.org	59
oilfreecoast.org	oilfreecoast.org	59
salmonopolis.ca	salmonopolis.ca	59
sarahharmer.com	sarahharmer.com	59
sasksciencecentre.com	sasksciencecentre.com	59
unep.org	unep.org	59
ibts.edu.jm	ibts.edu.jm	12
info.onu.edu.ua	info.onu.edu.ua	12
landval.gsfc.nasa.gov	landval.gsfc.nasa.gov	12
mex.onu.edu.ua	mex.onu.edu.ua	12
newcastlewaldorfschool.nsw.edu.au	newcastlewaldorfschool.nsw.edu.au	12
prepalatino.edu.mx	prepalatino.edu.mx	12
seteho.edu	seteho.edu	12
vibes.vic.edu	vibes.vic.edu	12
usw.ca	usw.ca	8
environment.newscientist.com	environment.newscientist.com	59
newscientisttech.com	newscientisttech.com	59
reddit.com	reddit.com	8
facebook.com	facebook.com	26
docs.info.apple.com	docs.info.apple.com	10
space.newscientist.com	space.newscientist.com	59
autoasis.ca	autoasis.ca	9
canadiancerberus.blogspot.com	canadiancerberus.blogspot.com	9
canadiandimension.com	canadiandimension.com	9
challenge.bfi.org	challenge.bfi.org	9
dangrice.com	dangrice.com	9
magturbine.com	magturbine.com	9
ancasternews.com	ancasternews.com	9
blog.thesietch.org	blog.thesietch.org	9
christindal.ca	christindal.ca	9
claytoncramer.com	claytoncramer.com	9
evolvefestival.com	evolvefestival.com	9
globalgreens.info	globalgreens.info	9
hfxnews.ca	hfxnews.ca	9
hubbers.ca	hubbers.ca	9
huffingtonpost.com	huffingtonpost.com	9
itbusiness.ca	itbusiness.ca	9
jubilee.ns.ca	jubilee.ns.ca	9
marketwire.com	marketwire.com	9
ottawagreens.ca	ottawagreens.ca	9
pictoulobstercarnival.ca	pictoulobstercarnival.ca	9
readbythesea.ca	readbythesea.ca	9
thesudburystar.com	thesudburystar.com	9
townofpictou.com	townofpictou.com	9
turnuptheheat.org	turnuptheheat.org	9
tre.it	tre.it	51
bernardbarre.ca	bernardbarre.ca	54
budget.gc.ca	budget.gc.ca	9
canadianlandmine.blogspot.com	canadianlandmine.blogspot.com	37
integratethis.ca	integratethis.ca	8
dent.canoe.ca	dent.canoe.ca	23
na2.marqui.com	na2.marqui.com	59
avantipics.com	avantipics.com	59
farmedanddangerous.org	farmedanddangerous.org	59
msnbc.msn.com	msnbc.msn.com	59
naturalstep.ca	naturalstep.ca	59
powerwise.ca	powerwise.ca	59
wildaboutgardening.org	wildaboutgardening.org	59
denislebel.ca	denislebel.ca	55
equalvoiceinpolitics.ca.	equalvoiceinpolitics.ca.	8
equalvoiceinpolitics.ca	equalvoiceinpolitics.ca	8
lena.ucsd.edu	lena.ucsd.edu	12
h-net.msu.edu	h-net.msu.edu	12
ecosuperior.org	ecosuperior.org	59
gillesduguay.ca	gillesduguay.ca	56
m1.buysub.com	m1.buysub.com	74
swc-cfc.gc.ca	swc-cfc.gc.ca	8
peoplesvoice.ca	peoplesvoice.ca	32
technology.newscientist.com	technology.newscientist.com	59
bfi.org	bfi.org	9
jlam.flora.ca	jlam.flora.ca	9
storywordspics.blogspot.com	storywordspics.blogspot.com	9
newgreeneconomy.com	newgreeneconomy.com	9
VofA.ca	VofA.ca	9
voteformmp.ca	voteformmp.ca	9
customersupport.networksolutions.com	customersupport.networksolutions.com	12
Westernblockparty.com	Westernblockparty.com	12
angus-reid.com	angus-reid.com	9
flickr.com	flickr.com	10
snaphosting.ca	snaphosting.ca	8
ccpamb.wordpress.com	ccpamb.wordpress.com	26
ccpa.pencilneckclients.com	ccpa.pencilneckclients.com	26
nl1339.policyalternatives.ca	nl1339.policyalternatives.ca	26
nl1389.policyalternatives.ca	nl1389.policyalternatives.ca	26
nl1404.policyalternatives.ca	nl1404.policyalternatives.ca	26
nl1430.policyalternatives.ca	nl1430.policyalternatives.ca	26
gasgouge.ca	gasgouge.ca	26
radio4all.net	radio4all.net	26
sfu.ca	sfu.ca	26
widgetbox.com	widgetbox.com	26
action.web.ca	action.web.ca	8
canadianpress.google.com	canadianpress.google.com	8
democraticspace.com	democraticspace.com	9
ecobuddhist.blogspot.com	ecobuddhist.blogspot.com	9
escapefromsuburbia.com	escapefromsuburbia.com	9
maps.google.ca	maps.google.ca	9
ottsun.canoe.ca	ottsun.canoe.ca	9
peakoil.blogspot.com	peakoil.blogspot.com	9
sfblogg.com	sfblogg.com	9
cfsontario.ca	cfsontario.ca	9
cnw.ca	cnw.ca	9
expressoutremont.com	expressoutremont.com	9
mininova.org	mininova.org	9
studentvotes.ca	studentvotes.ca	9
research.cibcwm.com	research.cibcwm.com	57
cibcwm.com	cibcwm.com	57
ceocouncil.ca	ceocouncil.ca	8
mycampaign.conservative.ca	mycampaign.conservative.ca	8
carbonzero.ca	carbonzero.ca	59
myspace.com	myspace.com	10
wwf.ca	wwf.ca	10
carbonneutral.com	carbonneutral.com	59
climate.org	climate.org	59
defra.gov.uk	defra.gov.uk	59
greenbiz.com	greenbiz.com	59
my-climate.com	my-climate.com	59
pac.dfo-mpo.gc.ca	pac.dfo-mpo.gc.ca	59
planetair.ca	planetair.ca	59
terrapass.com	terrapass.com	59
dranoffhuddart.com	dranoffhuddart.com	8
walrusmagazine.com	walrusmagazine.com	12
graphicallyspeaking.ca	graphicallyspeaking.ca	8
secure.ndp.ca	secure.ndp.ca	8
catherinebellmp.ca	catherinebellmp.ca	8
nl1549.policyalternatives.ca	nl1549.policyalternatives.ca	26
www-wds.worldbank.org	www-wds.worldbank.org	19
westvancouver.com	westvancouver.com	58
sylviasanders.ca	sylviasanders.ca	7
fr.wikipedia.org	fr.wikipedia.org	9
drugpolicy.org	drugpolicy.org	9
reuters.com	reuters.com	59
telequebec.tv	telequebec.tv	9
VoteGrice.com	VoteGrice.com	9
youth.greenparty.ca	youth.greenparty.ca	9
pogue.blogs.nytimes.com	pogue.blogs.nytimes.com	59
ecoaction.gc.ca	ecoaction.gc.ca	59
marketplace.chef2chef.net	marketplace.chef2chef.net	59
na3.marqui.com	na3.marqui.com	59
NA3.marqui.com	NA3.marqui.com	59
reibc.org	reibc.org	59
fraserinstitute.org	fraserinstitute.org	8
extranet.liberal.ca	extranet.liberal.ca	10
privcom.gc.ca	privcom.gc.ca	33
slc-cal.ca	slc-cal.ca	10
peterjulian.ca	peterjulian.ca	8
haitiaction.net	haitiaction.net	7
zmag.org	zmag.org	7
dotearth.blogs.nytimes.com	dotearth.blogs.nytimes.com	59
commons.wikimedia.org	commons.wikimedia.org	12
wikimediafoundation.org	wikimediafoundation.org	12
dingo.care-mail.com	dingo.care-mail.com	9
environment.independent.co.uk	environment.independent.co.uk	9
gauntlet.ucalgary.ca	gauntlet.ucalgary.ca	9
gp-copyright.pbwiki.com	gp-copyright.pbwiki.com	9
greens.org.au	greens.org.au	9
mathworld.wolfram.com	mathworld.wolfram.com	9
paulitics.wordpress.com	paulitics.wordpress.com	9
thegallopingbeaver.blogspot.com	thegallopingbeaver.blogspot.com	9
web.mit.edu	web.mit.edu	9
avaaz.org	avaaz.org	9
dailygalaxy.com	dailygalaxy.com	9
designnine.com	designnine.com	9
germanwatch.org	germanwatch.org	9
lifewithoutplastic.com	lifewithoutplastic.com	9
oilendgame.com	oilendgame.com	9
rmi.org	rmi.org	9
thestrategiccounsel.com	thestrategiccounsel.com	9
thevenusproject.com	thevenusproject.com	9
thingsaregood.com	thingsaregood.com	9
winnipegsun.com	winnipegsun.com	9
gristmill.grist.org	gristmill.grist.org	59
stumbleupon.com	stumbleupon.com	9
itsgettinghotinhere.org	itsgettinghotinhere.org	59
wordpress.com	wordpress.com	59
news.therecord.com	news.therecord.com	60
media.therecord.com	media.therecord.com	60
therecord.com	therecord.com	60
story.malaysiasun.com	story.malaysiasun.com	61
unfcccbali.com	unfcccbali.com	59
feeds.feedburner.com	feeds.feedburner.com	59
climatesurvey.ca	climatesurvey.ca	74
naho.ca	naho.ca	37
amazon.com	amazon.com	59
afp.google.com	afp.google.com	59
greenland.ca	greenland.ca	59
math.ualberta.ca	math.ualberta.ca	59
newyorker.com	newyorker.com	59
sciencemag.org	sciencemag.org	59
terrachoice.com	terrachoice.com	59
earthtimes.org	earthtimes.org	62
ecojustice.ca	ecojustice.ca	59
conxity.com	conxity.com	74
law.miami.edu	law.miami.edu	63
network.nationalpost.com	network.nationalpost.com	74
financialpost.com	financialpost.com	74
senatehalloffame.ca	senatehalloffame.ca	8
ufcw.ca	ufcw.ca	8
youthunited.ndp.ca	youthunited.ndp.ca	8
phobos.apple.com	phobos.apple.com	59
pi.energy.gov	pi.energy.gov	53
nl1669.policyalternatives.ca	nl1669.policyalternatives.ca	26
nl1671.policyalternatives.ca	nl1671.policyalternatives.ca	26
nl1672.policyalternatives.ca	nl1672.policyalternatives.ca	26
canadastudentdebt.ca	canadastudentdebt.ca	26
tc.gc.ca	tc.gc.ca	59
globelink.ca	globelink.ca	8
fusion.google.com	fusion.google.com	10
do-your-taxes-online.com	do-your-taxes-online.com	64
aftrk.com	aftrk.com	64
upload.wikimedia.org	upload.wikimedia.org	12
business.guardian.co.uk	business.guardian.co.uk	9
ideas.repec.org	ideas.repec.org	9
myjourneywithaids.wordpress.com	myjourneywithaids.wordpress.com	9
news.mongabay.com	news.mongabay.com	9
pacificfreepress.com	pacificfreepress.com	9
sunday.niedziela.pl	sunday.niedziela.pl	9
topics.nytimes.com	topics.nytimes.com	9
accessola.com	accessola.com	9
albertagreens.ca	albertagreens.ca	9
alternet.org	alternet.org	9
ecolibris.net	ecolibris.net	9
health.gov.on.ca	health.gov.on.ca	9
ipsnews.net	ipsnews.net	9
marijuanamilitia.com	marijuanamilitia.com	9
mmegi.bw	mmegi.bw	9
nationmaster.com	nationmaster.com	9
nature.com	nature.com	9
planetinfocus.org	planetinfocus.org	59
rockymountainnews.com	rockymountainnews.com	9
zeitgeistmovie.com	zeitgeistmovie.com	8
nextwebhosting.com	nextwebhosting.com	26
stoptilma.googlegroups.com	stoptilma.googlegroups.com	65
groups.google.com	groups.google.com	65
viarail.ca	viarail.ca	74
rss.cbc.ca	rss.cbc.ca	59
stats.cbc.ca	stats.cbc.ca	59
core77.com	core77.com	66
cric.ca	cric.ca	8
faxrecoverysystems.com	faxrecoverysystems.com	67
homepower.com	homepower.com	68
justiceforharkat.com	justiceforharkat.com	69
rebeccacoad.ca	rebeccacoad.ca	8
projectionsinc.com	projectionsinc.com	70
ndn.newsweek.com	ndn.newsweek.com	71
newsweek.com	newsweek.com	71
classifieds.canada.com	classifieds.canada.com	10
canwestglobal.com	canwestglobal.com	10
foodandwaterwatch.org	foodandwaterwatch.org	8
spp.gov	spp.gov	8
cbc.radio-canada.ca	cbc.radio-canada.ca	59
feedburner.com	feedburner.com	59
happycow.net	happycow.net	59
vegdining.com	vegdining.com	59
vegguide.org	vegguide.org	59
friskygenie.com	friskygenie.com	72
evergreen.ca	evergreen.ca	59
codex.wordpress.org	codex.wordpress.org	8
ibew258.bc.ca	ibew258.bc.ca	8
web.archive.org	web.archive.org	8
bcfed.com	bcfed.com	8
guelphndp.ca	guelphndp.ca	8
iamaw.ca	iamaw.ca	8
ilwu.ca	ilwu.ca	8
nahanni.com	nahanni.com	8
podcastingnews.com	podcastingnews.com	8
seiu.org	seiu.org	8
appointments-nominations.gc.ca	appointments-nominations.gc.ca	8
reddotcampaign.ca	reddotcampaign.ca	59
sharedparenting.net	sharedparenting.net	73
torontogreen.ca	torontogreen.ca	59
codingforums.com	codingforums.com	77
jnarvey.com	jnarvey.com	59
truecolorstour.com	truecolorstour.com	74
mondoeco.eu	mondoeco.eu	51
canada.com.dose.ca	canada.com.dose.ca	10
events.canada.com	events.canada.com	10
support.netfirms.com	support.netfirms.com	74
righttowater.ca	righttowater.ca	8
cnn.com	cnn.com	59
search.cnn.com	search.cnn.com	59
topics.cnn.com	topics.cnn.com	59
cssdrive.com	cssdrive.com	75
cdmgoldstandard.org	cdmgoldstandard.org	59
georgiastrait.org	georgiastrait.org	59
plone.org	plone.org	59
communicopia.bc.ca	communicopia.bc.ca	59
onenw.org	onenw.org	59
icrtourism.org	icrtourism.org	76
leedsmet.ac.uk	leedsmet.ac.uk	76
javascriptkit.com	javascriptkit.com	77
citynews.ca	citynews.ca	10
progressivebloggers.ca	progressivebloggers.ca	78
sierraclub.bc.ca	sierraclub.bc.ca	59
skillsoft.com	skillsoft.com	79
phx.corporate-ir.net	phx.corporate-ir.net	79
globeauto.com	globeauto.com	8
finereader.abbyy.com	finereader.abbyy.com	80
abbyy.com	abbyy.com	80
ago.mobile.globeandmail.com	ago.mobile.globeandmail.com	9
cecilegladel.blogspot.com	cecilegladel.blogspot.com	9
deseretnews.com	deseretnews.com	9
dev6.greenparty.ca	dev6.greenparty.ca	9
estrie.partivert.ca	estrie.partivert.ca	9
fr.youtube.com	fr.youtube.com	9
greenparty.ns.ca	greenparty.ns.ca	9
newdemocratsonline.ca	newdemocratsonline.ca	9
secure.e2rm.com	secure.e2rm.com	9
spectrum.ieee.org	spectrum.ieee.org	9
boston.com	boston.com	9
celsias.com	celsias.com	9
decima.com	decima.com	9
earthhour.org	earthhour.org	9
environmentalgraffiti.com	environmentalgraffiti.com	9
focus-fen.net	focus-fen.net	9
globalgreens.org.br	globalgreens.org.br	9
guelphgreens.ca	guelphgreens.ca	9
harperindex.ca	harperindex.ca	9
hugg.com	hugg.com	9
iht.com	iht.com	9
jabber.org	jabber.org	9
julienlamarche.ca	julienlamarche.ca	9
leedsgrenvillegreens.ca	leedsgrenvillegreens.ca	9
lensawatskygreenparty.ca	lensawatskygreenparty.ca	9
medicalmarihuana.ca	medicalmarihuana.ca	9
monbiot.com	monbiot.com	59
monplanvert.com	monplanvert.com	9
oakville.ca	oakville.ca	9
OurGreenParty.com	OurGreenParty.com	9
pvq.qc.ca	pvq.qc.ca	9
richardheinberg.com	richardheinberg.com	9
righteousbabe.com	righteousbabe.com	9
ted.com	ted.com	9
thehilltimes.ca	thehilltimes.ca	9
topix.net	topix.net	9
upmc-biosecurity.org	upmc-biosecurity.org	9
votelou.ca	votelou.ca	9
news.zdnet.com	news.zdnet.com	81
adlog.com.com	adlog.com.com	81
blogs.zdnet.com	blogs.zdnet.com	81
downloads.zdnet.com	downloads.zdnet.com	81
review.zdnet.com	review.zdnet.com	81
updates.zdnet.com	updates.zdnet.com	81
whitepapers.zdnet.com	whitepapers.zdnet.com	81
salsa.democracyinaction.org	salsa.democracyinaction.org	82
caribouandyou.ca	caribouandyou.ca	82
walnet.org	walnet.org	83
retrix.com	retrix.com	83
wecansolveit.org	wecansolveit.org	84
globeandmail.com	globeandmail.com	74
safersociety.org	safersociety.org	74
thecanadianpress.com	thecanadianpress.com	74
communitywalk.com	communitywalk.com	59
era.ca	era.ca	59
docudesk.com	docudesk.com	85
edu.gov.on.ca	edu.gov.on.ca	86
formrouter.com	formrouter.com	87
formrouter.net	formrouter.net	87
eco.ca	eco.ca	59
greeningnipissing.org	greeningnipissing.org	59
realaction.ca	realaction.ca	59
wellwise.ca	wellwise.ca	59
dawnblack.ca	dawnblack.ca	8
davideby.blogspot.com	davideby.blogspot.com	26
slate.com	slate.com	59
blog.terrachoice.com	blog.terrachoice.com	59
time-blog.com	time-blog.com	74
wvofuels.com	wvofuels.com	88
216.197.97.97	216.197.97.97	26
creativecommons.org	creativecommons.org	59
activistmagazine.com	activistmagazine.com	9
ag2008.partivert.ca	ag2008.partivert.ca	9
ap.google.com	ap.google.com	9
blogs.greenpeace.ca	blogs.greenpeace.ca	9
chemeng.uwaterloo.ca	chemeng.uwaterloo.ca	9
gm2008.greenparty.ca	gm2008.greenparty.ca	9
cityrepair.ca	cityrepair.ca	9
corporateknights.ca	corporateknights.ca	9
elizabethmayinbelleville.com	elizabethmayinbelleville.com	9
globalgreens.org	globalgreens.org	9
hngreens.ca	hngreens.ca	9
independent.co.uk	independent.co.uk	9
pridetoronto.com	pridetoronto.com	9
regjeringen.no	regjeringen.no	9
stopc51.com	stopc51.com	9
straight.com	straight.com	8
thegreenguide.com	thegreenguide.com	9
oxfaminternational.wordpress.com	oxfaminternational.wordpress.com	89
carpooltool.com	carpooltool.com	59
nappc.org	nappc.org	59
studio360.org	studio360.org	59
ebay.com	ebay.com	90
pages.ebay.com	pages.ebay.com	90
cagbc.org	cagbc.org	59
muskokaheritage.org	muskokaheritage.org	59
seeds.ca	seeds.ca	59
greenroofs.org	greenroofs.org	91
guest.cvent.com	guest.cvent.com	91
fondsdelavictoire.ca	fondsdelavictoire.ca	10
victoryfund.ca	victoryfund.ca	10
blog.macleans.ca	blog.macleans.ca	74
wnyc.org	wnyc.org	59
warrenkinsella.com	warrenkinsella.com	92
blip.tv	blip.tv	9
devinjohnston.ca	devinjohnston.ca	9
news.guelphmercury.com	news.guelphmercury.com	9
antiwar.com	antiwar.com	9
bobrae.ca	bobrae.ca	9
northernlife.ca	northernlife.ca	9
tokyopoliceclub.com	tokyopoliceclub.com	93
teatrofestivalitalia.it	teatrofestivalitalia.it	51
adaptation.nrcan.gc.ca	adaptation.nrcan.gc.ca	59
atn-riae.agr.ca	atn-riae.agr.ca	59
ca.dir.yahoo.com	ca.dir.yahoo.com	59
climate.wri.org	climate.wri.org	59
content.calgary.ca	content.calgary.ca	59
earthobservatory.nasa.gov	earthobservatory.nasa.gov	59
floridadep.org	floridadep.org	59
homeenergy.org	homeenergy.org	59
link.brightcove.com	link.brightcove.com	59
manitobawildlands.org	manitobawildlands.org	59
naturechallenge.org	naturechallenge.org	59
nsidc.org	nsidc.org	59
productcare.org	productcare.org	59
secure.therecord.com	secure.therecord.com	59
sossite.org	sossite.org	59
theknot.com	theknot.com	59
waltonfeed.com	waltonfeed.com	59
writeimage.ca	writeimage.ca	59
100milediet.org	100milediet.org	59
aceee.org	aceee.org	59
acia.uaf.edu	acia.uaf.edu	59
admission.com	admission.com	59
atl.ec.gc.ca	atl.ec.gc.ca	59
bcfarmersmarket.org	bcfarmersmarket.org	59
bicyclinginfo.org	bicyclinginfo.org	59
borealcanada.ca	borealcanada.ca	59
brightcove.com	brightcove.com	59
bullfrogfilms.com	bullfrogfilms.com	59
businessweek.com	businessweek.com	59
calgary-convention.com	calgary-convention.com	59
canadianclub.org	canadianclub.org	59
canren.gc.ca	canren.gc.ca	59
carbonneutralnewcastle.com	carbonneutralnewcastle.com	59
carsharing.net	carsharing.net	59
cbd.int	cbd.int	59
cep.ca target=newwindow	cep.ca target=newwindow	59
citizensenvironmentalliance.org	citizensenvironmentalliance.org	59
cityfarmer.org	cityfarmer.org	59
city.toronto.on.ca	city.toronto.on.ca	59
civilization.ca	civilization.ca	59
cleanairchampions.ca	cleanairchampions.ca	59
cleanproduction.org	cleanproduction.org	59
climnet.org	climnet.org	59
conservation.org	conservation.org	59
cooperativeauto.net	cooperativeauto.net	59
cosmeticsdatabase.com	cosmeticsdatabase.com	59
cos-soc.gc.ca	cos-soc.gc.ca	59
cpaws.org	cpaws.org	59
cwwa.ca	cwwa.ca	59
davosclimatealliance.org	davosclimatealliance.org	59
democracyinaction.org	democracyinaction.org	59
ebr.gov.on.ca	ebr.gov.on.ca	59
eci.ox.ac.uk	eci.ox.ac.uk	59
ecobusinesslinks.com	ecobusinesslinks.com	59
economist.com	economist.com	59
enn.com	enn.com	59
ens-newswire.com	ens-newswire.com	59
environmentnorth.ca	environmentnorth.ca	59
epicurious.com	epicurious.com	59
exxonsecrets.org	exxonsecrets.org	59
fairmont.com	fairmont.com	59
fair.org	fair.org	59
fernwoodneighbourhood.ca	fernwoodneighbourhood.ca	59
ffcf.bc.ca	ffcf.bc.ca	59
fishclimate.ca	fishclimate.ca	59
foodshare.net	foodshare.net	59
girc.org	girc.org	59
grandi.ca	grandi.ca	59
greenontario.org	greenontario.org	59
greenseal.org	greenseal.org	59
grida.no	grida.no	59
h2ouse.org	h2ouse.org	59
heatisonline.org	heatisonline.org	59
hotelassociation.ca	hotelassociation.ca	59
hww.ca	hww.ca	59
hybridcars.com	hybridcars.com	59
hydro.mb.ca	hydro.mb.ca	59
ie.uottawa.ca	ie.uottawa.ca	59
livableregion.ca	livableregion.ca	59
markham.ca	markham.ca	59
maweb.org	maweb.org	59
meltingmountains.org	meltingmountains.org	59
millenniumassessment.org	millenniumassessment.org	59
morsbags.com	morsbags.com	59
nellyfurtado.com	nellyfurtado.com	59
northumberlandtoday.com	northumberlandtoday.com	59
ocfp.on.ca	ocfp.on.ca	59
onedayvancouver.ca	onedayvancouver.ca	59
onelesstonne.ca	onelesstonne.ca	59
ontarionature.org	ontarionature.org	59
oregoncc.org	oregoncc.org	59
paanl.org	paanl.org	59
pc.gc.ca	pc.gc.ca	59
planetark.com	planetark.com	59
policyalternatives.ca target=newwindow	policyalternatives.ca target=newwindow	59
realclimate.org	realclimate.org	59
reginaecoliving.ca	reginaecoliving.ca	59
royalsociety.org	royalsociety.org	59
royalsoc.org	royalsoc.org	59
ryanleech.com	ryanleech.com	59
safeclimate.net	safeclimate.net	59
saltspringseeds.com	saltspringseeds.com	59
saveourborealbirds.org	saveourborealbirds.org	59
sciencedaily.com	sciencedaily.com	59
sinkswatch.org	sinkswatch.org	59
smartgrowth.org	smartgrowth.org	59
sprawl-busters.com	sprawl-busters.com	59
stanleyparkecology.ca	stanleyparkecology.ca	59
sustainabletravelinternational.org	sustainabletravelinternational.org	59
transfair.ca	transfair.ca	59
trusu.ca	trusu.ca	59
uga.edu	uga.edu	59
vancity.com	vancity.com	59
vegetarian-restaurants.net	vegetarian-restaurants.net	59
vegetariantimes.com	vegetariantimes.com	59
waterkeeper.ca	waterkeeper.ca	59
wilmotuc.nb.ca	wilmotuc.nb.ca	59
wpirg.org	wpirg.org	59
oen.ca	oen.ca	59
sustainablecommunities.fcm.ca	sustainablecommunities.fcm.ca	59
cfc-swc.gc.ca	cfc-swc.gc.ca	10
europa.eu.int	europa.eu.int	26
cosmetic database.com	cosmetic database.com	26
economicsforeveryone.ca	economicsforeveryone.ca	26
kospublishing.com	kospublishing.com	26
redtory.blogspot.com	redtory.blogspot.com	78
holidayhypermarket.co.uk	holidayhypermarket.co.uk	0
otbeach.com	otbeach.com	0
snowskool.co.uk	snowskool.co.uk	0
timkolmanlaw.com	timkolmanlaw.com	0
acdi-cida.gc.ca	acdi-cida.gc.ca	7
focal.ca	focal.ca	7
ijdh.org	ijdh.org	7
query.nytimes.com	query.nytimes.com	59
farnwide.blogspot.com	farnwide.blogspot.com	8
gpc3.greenparty.ca	gpc3.greenparty.ca	9
live.everyonecounts.com	live.everyonecounts.com	9
maps.google.com	maps.google.com	9
randboro.blogspot.com	randboro.blogspot.com	9
bbc.co.uk	bbc.co.uk	9
lethbridgeherald.com	lethbridgeherald.com	9
quartierlibre.ca	quartierlibre.ca	9
seashepherd.org	seashepherd.org	9
theoildrum.com	theoildrum.com	9
thoughtware.tv	thoughtware.tv	9
news.yahoo.com	news.yahoo.com	59
us.lrd.yahoo.com	us.lrd.yahoo.com	59
scottdiatribe.gluemeat.com	scottdiatribe.gluemeat.com	94
watch.ctv.ca	watch.ctv.ca	8
video.msn.com	video.msn.com	59
leg.bc.ca	leg.bc.ca	59
naturewatch.ca	naturewatch.ca	59
newswire.ca	newswire.ca	59
washingtonpost.com	washingtonpost.com	59
apps.facebook.com	apps.facebook.com	26
powerauthority.on.ca	powerauthority.on.ca	59
riversides.org	riversides.org	59
thegreenshift.ca	thegreenshift.ca	10
letournantvert.ca	letournantvert.ca	10
phac-aspc.gc.ca	phac-aspc.gc.ca	10
newyorkerstore.com	newyorkerstore.com	59
nhc.noaa.gov	nhc.noaa.gov	95
weather.gov	weather.gov	95
alexatamanenko.cand.ndp.ca	alexatamanenko.cand.ndp.ca	8
billsiksay.ndp.ca	billsiksay.ndp.ca	8
blogsbycategory.com	blogsbycategory.com	96
fusionbooks.org	fusionbooks.org	96
milecastle.co.uk	milecastle.co.uk	96
oitweb.princeton.edu	oitweb.princeton.edu	96
abcorneliussen.no	abcorneliussen.no	96
ambientesalute.org	ambientesalute.org	96
arenadannero.se	arenadannero.se	96
brandspot.at	brandspot.at	96
elboutoula.net	elboutoula.net	96
fahrlehrer24.ch	fahrlehrer24.ch	96
futureofthebook.org	futureofthebook.org	96
medicosdescalzos.es	medicosdescalzos.es	96
mothersandmore.org	mothersandmore.org	96
ps3forums.com	ps3forums.com	96
utrechtsebazaar.nl	utrechtsebazaar.nl	96
brianmasse.cand.ndp.ca	brianmasse.cand.ndp.ca	8
canadawantsthetruth911.blogspot.com	canadawantsthetruth911.blogspot.com	97
canadawantsthetruth911relatedvideos.blogspot.com	canadawantsthetruth911relatedvideos.blogspot.com	97
canadawantsthetruth911videos.blogspot.com	canadawantsthetruth911videos.blogspot.com	97
technorati.com	technorati.com	97
catherinebell.cand.ndp.ca	catherinebell.cand.ndp.ca	8
charlieangus.ndp.ca	charlieangus.ndp.ca	8
chrischarlton.cand.ndp.ca	chrischarlton.cand.ndp.ca	8
images.google.ca	images.google.ca	7
prax.ca	prax.ca	7
store.tacsurv.com	store.tacsurv.com	7
boeing.com	boeing.com	7
defenselink.mil	defenselink.mil	7
elbitsystems.com	elbitsystems.com	7
ga-asi.com	ga-asi.com	7
gdatp.com	gdatp.com	7
gdcanada.com	gdcanada.com	7
generaldynamics.com	generaldynamics.com	7
ghs.com	ghs.com	7
ndia.org	ndia.org	7
securecan.ca	securecan.ca	7
sun.com	sun.com	7
davidchristopherson.cand.ndp.ca	davidchristopherson.cand.ndp.ca	8
dawnblack.ndp.ca	dawnblack.ndp.ca	8
denisesavoie.cand.ndp.ca	denisesavoie.cand.ndp.ca	8
dennisbevington.ndp.ca	dennisbevington.ndp.ca	8
friendfeed.com	friendfeed.com	10
bcseawalker.podbean.com	bcseawalker.podbean.com	9
ca.youtube.com	ca.youtube.com	9
challengingthecommonplace.blogspot.com	challengingthecommonplace.blogspot.com	9
civicrm.org	civicrm.org	9
issues.civicrm.org	issues.civicrm.org	9
wiki.civicrm.org	wiki.civicrm.org	9
abandonedstuff.com	abandonedstuff.com	9
affero.org	affero.org	9
claudegenest.com	claudegenest.com	9
democratisonslesdebats.ca	democratisonslesdebats.ca	9
greentrain.ca	greentrain.ca	9
mozilla.com	mozilla.com	9
new.facebook.com	new.facebook.com	9
votefortomorrow.ca	votefortomorrow.ca	9
irenemathyssen.cand.ndp.ca	irenemathyssen.cand.ndp.ca	8
jacklayton.ndp.ca	jacklayton.ndp.ca	8
jeancrowder.ndp.ca	jeancrowder.ndp.ca	8
joecomartin.cand.ndp.ca	joecomartin.cand.ndp.ca	8
judywasylycialeis.cand.ndp.ca	judywasylycialeis.cand.ndp.ca	8
libbydavies.ndp.ca	libbydavies.ndp.ca	8
nathancullen.ndp.ca	nathancullen.ndp.ca	8
netnewsledger.com	netnewsledger.com	98
oliviachow.ndp.ca	oliviachow.ndp.ca	8
patmartin.cand.ndp.ca	patmartin.cand.ndp.ca	8
pauldewar.ndp.ca	pauldewar.ndp.ca	8
peggynash.ndp.ca	peggynash.ndp.ca	8
peterjulian.cand.ndp.ca	peterjulian.cand.ndp.ca	8
peterstoffer.ndp.ca	peterstoffer.ndp.ca	8
thomasmulcair.npd.ca	thomasmulcair.npd.ca	8
tonymartin.ndp.ca	tonymartin.ndp.ca	8
twitter.com	twitter.com	10
waynemarston.cand.ndp.ca	waynemarston.cand.ndp.ca	8
www12.statcan.ca	www12.statcan.ca	33
www40.statcan.ca	www40.statcan.ca	33
alegoo.com	alegoo.com	99
blogpoint.com	blogpoint.com	100
election.rabble.ca	election.rabble.ca	8
wordpress.org	wordpress.org	8
bclocalnews.com	bclocalnews.com	8
telegraph.co.uk	telegraph.co.uk	8
vueweekly.com	vueweekly.com	8
cba.org	cba.org	101
brymark.com	brymark.com	8
discovermoosejaw.com	discovermoosejaw.com	102
suda.co.uk	suda.co.uk	12
electionkebab.blogspot.com	electionkebab.blogspot.com	12
orphanvoters.ca	orphanvoters.ca	12
sootoday.com	sootoday.com	12
driveit.clickspace.com	driveit.clickspace.com	59
blueavocado.org	blueavocado.org	59
canurb.com	canurb.com	59
conservationbureau.on.ca	conservationbureau.on.ca	59
fes.uwaterloo.ca	fes.uwaterloo.ca	59
surveymonkey.com	surveymonkey.com	59
vtpi.org	vtpi.org	59
ic.gc.ca	ic.gc.ca	74
add.my.yahoo.com	add.my.yahoo.com	10
i.liberal.ca	i.liberal.ca	10
my.msn.com	my.msn.com	10
myweb2.search.yahoo.com	myweb2.search.yahoo.com	10
harpernomics.ca	harpernomics.ca	10
scandalpedia.ca	scandalpedia.ca	10
thisisdion.ca	thisisdion.ca	10
profile.myspace.com	profile.myspace.com	10
vids.myspace.com	vids.myspace.com	10
msplinks.com	msplinks.com	10
ridings.ndp.ca	ridings.ndp.ca	8
notaleader.ca	notaleader.ca	8
nrcan.gc.ca	nrcan.gc.ca	103
nrcan-rncan.gc.ca	nrcan-rncan.gc.ca	103
openingthebook.com	openingthebook.com	104
openingthebook.co.uk	openingthebook.co.uk	104
plan.ca	plan.ca	105
presentpourlequebec.org	presentpourlequebec.org	1
archives.blocquebecois.org	archives.blocquebecois.org	1
blogue.presentpourlequebec.org	blogue.presentpourlequebec.org	1
sbr.gov.bc.ca	sbr.gov.bc.ca	59
630ched.com	630ched.com	12
rawlco.com	rawlco.com	12
yvongodin.npd.ca	yvongodin.npd.ca	8
andrewcoyne.com	andrewcoyne.com	74
blog.myspace.com	blog.myspace.com	10
blairwilson.ca	blairwilson.ca	9
ca.news.yahoo.com	ca.news.yahoo.com	9
catjo.blogspot.com	catjo.blogspot.com	9
colorv.com	colorv.com	9
danforthgreens.ca	danforthgreens.ca	9
design.greenparty.ca	design.greenparty.ca	9
donaldstreet.wordpress.com	donaldstreet.wordpress.com	9
donvalleygreen.ca	donvalleygreen.ca	9
douganderson.greenparty.ca	douganderson.greenparty.ca	9
durhamgreens.ca	durhamgreens.ca	9
fpva.org.mx	fpva.org.mx	9
francescoates.ca	francescoates.ca	9
frederictongreenparty.ca	frederictongreenparty.ca	9
greenbeaches.greenparty.ca	greenbeaches.greenparty.ca	9
greencambridge.ca	greencambridge.ca	9
greenpartyhamilton.ca	greenpartyhamilton.ca	9
greenparty.mb.ca	greenparty.mb.ca	9
imrepallagi.ca	imrepallagi.ca	9
jimbobbysez.blogspot.com	jimbobbysez.blogspot.com	9
kingstongreens.ca	kingstongreens.ca	9
kongreen.ca	kongreen.ca	9
MarieMartineBedard.ca	MarieMartineBedard.ca	9
media.mcgilltribune.com	media.mcgilltribune.com	9
mikegildersleeve.blogspot.com	mikegildersleeve.blogspot.com	9
mikenagy.ca	mikenagy.ca	9
natalieodd.ca	natalieodd.ca	9
northislandgreens.ca	northislandgreens.ca	9
sherwoodpark.greenparty.ca	sherwoodpark.greenparty.ca	9
vote-green.ca	vote-green.ca	9
adamsaab.ca	adamsaab.ca	9
adrianmolder.ca	adrianmolder.ca	9
amberjones.ca	amberjones.ca	9
andrewlewis.ca	andrewlewis.ca	9
barriegreens.ca	barriegreens.ca	9
billclary.ca	billclary.ca	9
blakepoland.ca	blakepoland.ca	9
bobdeptuck.ca	bobdeptuck.ca	9
brendanhughes.ca	brendanhughes.ca	9
burlington-greens.org	burlington-greens.org	9
cfcgreens.ca	cfcgreens.ca	9
chrishrynkow.ca	chrishrynkow.ca	9
ckegreens.ca	ckegreens.ca	9
cknw.com	cknw.com	9
davenportgpc.com	davenportgpc.com	9
dickhibma.ca	dickhibma.ca	9
edmontongreens.ca	edmontongreens.ca	9
electellen.ca	electellen.ca	9
etobicokelakeshoregreens.ca	etobicokelakeshoregreens.ca	9
expressparole.com	expressparole.com	9
forestnewswatch.com	forestnewswatch.com	9
francoisboucher.fr.gd	francoisboucher.fr.gd	9
gateway.ualberta.ca	gateway.ualberta.ca	9
georgewooldridge.ca	georgewooldridge.ca	9
gordonharris.ca	gordonharris.ca	9
graceyogaretnam.ca	graceyogaretnam.ca	9
greenlangley.ca	greenlangley.ca	9
greenvaughan.com	greenvaughan.com	9
haltongreens.ca	haltongreens.ca	9
harilaid.ca	harilaid.ca	9
hebdos.net	hebdos.net	9
jakecole.ca	jakecole.ca	9
jenantony.ca	jenantony.ca	9
jessieklassen.ca	jessieklassen.ca	9
jpducasse.ca	jpducasse.ca	9
kropf.ca	kropf.ca	9
londonwestgreenparty.ca	londonwestgreenparty.ca	9
manoussi.ca	manoussi.ca	9
marcpayette.ca	marcpayette.ca	9
marshallsmith.ca	marshallsmith.ca	9
mississaugasouthgreenparty.ca	mississaugasouthgreenparty.ca	9
mozilla-europe.org	mozilla-europe.org	9
nanaimo-albernigreens.ca	nanaimo-albernigreens.ca	9
newmarketauroragreens.ca	newmarketauroragreens.ca	9
niagaragreenparty.ca	niagaragreenparty.ca	9
nigelbarriffe.com	nigelbarriffe.com	9
norbertkratchmer.ca	norbertkratchmer.ca	9
northshoregreens.ca	northshoregreens.ca	9
nqwgreens.ca	nqwgreens.ca	9
oakvillegreenparty.ca	oakvillegreenparty.ca	9
okshuswapgreens.ca	okshuswapgreens.ca	9
ourgreenparty.com	ourgreenparty.com	9
parkdalehighparkgreens.ca	parkdalehighparkgreens.ca	9
partiverthullaylmer.org	partiverthullaylmer.org	9
perthwellingtongreens.ca	perthwellingtongreens.ca	9
pickensplan.com	pickensplan.com	9
ptbogreens.org	ptbogreens.org	9
randyweeks.ca	randyweeks.ca	9
richardpietro.ca	richardpietro.ca	9
sarnialambtongreens.ca	sarnialambtongreens.ca	9
softchoice.com	softchoice.com	9
surreygreens.org	surreygreens.org	9
tdsmith.ca	tdsmith.ca	9
valeriepowell.ca	valeriepowell.ca	9
votecanadave.com	votecanadave.com	9
votecathy.ca	votecathy.ca	9
votechristinaknighton.ca	votechristinaknighton.ca	9
votefrei.ca	votefrei.ca	9
votemarando.ca	votemarando.ca	9
votenoel.ca	votenoel.ca	9
votetaylor.ca	votetaylor.ca	9
votezpourlavenir.ca	votezpourlavenir.ca	9
votezsansoucy.com	votezsansoucy.com	9
wayneclements.ca	wayneclements.ca	9
wildrosegreens.org	wildrosegreens.org	9
yorksouthwestongreens.ca	yorksouthwestongreens.ca	9
yorkwestgreens.ca	yorkwestgreens.ca	9
yorksimcoegreenparty.com	yorksimcoegreenparty.com	9
snovae.free.fr	snovae.free.fr	106
free.fr	free.fr	106
stevejanke.com	stevejanke.com	107
inprinting.it	inprinting.it	51
mtv.it	mtv.it	51
personals.canada.com	personals.canada.com	10
stockgroup.canada.com	stockgroup.canada.com	10
showcase.ca	showcase.ca	10
csmonitor.com	csmonitor.com	74
fathermag.com	fathermag.com	74
hisside.com	hisside.com	74
mensnewsdaily.com	mensnewsdaily.com	74
membercentre.cbc.ca	membercentre.cbc.ca	59
ecosystemmarketplace.com	ecosystemmarketplace.com	59
voteenvironment2008.ca	voteenvironment2008.ca	59
bsr.org	bsr.org	59
cancer.ca	cancer.ca	59
carboncatalog.org	carboncatalog.org	59
carbontrust.co.uk	carbontrust.co.uk	59
davidsuzuki.qc.ca	davidsuzuki.qc.ca	59
environment-agency.gov.uk	environment-agency.gov.uk	59
greenmeetings.info	greenmeetings.info	59
gvrd.bc.ca	gvrd.bc.ca	59
livingoceans.org	livingoceans.org	59
ourgreenbelt.ca	ourgreenbelt.ca	59
QueenOfGreen.ca	QueenOfGreen.ca	59
slideshare.net	slideshare.net	59
sustainabilityadvantage.com	sustainabilityadvantage.com	59
dnscoop.com	dnscoop.com	108
marketplace.dnscoop.com	marketplace.dnscoop.com	108
bushharper.ca	bushharper.ca	10
cannabisculture.com	cannabisculture.com	10
frontenacnews.ca	frontenacnews.ca	10
txt.ca	txt.ca	10
vocm.com	vocm.com	10
westernclimateinitiative.org	westernclimateinitiative.org	10
xn--stphanedion-cbb.ca	xn--stphanedion-cbb.ca	10
latino.myspace.com	latino.myspace.com	10
livingwork.ca	livingwork.ca	26
216.187.72.70	216.187.72.70	8
teambc.ca	teambc.ca	109
gold.globeinvestor.com	gold.globeinvestor.com	8
globecampus.ca	globecampus.ca	8
ad.doubleclick.net	ad.doubleclick.net	10
help.youtube.com	help.youtube.com	10
911civilinfo.blogspot.com	911civilinfo.blogspot.com	8
911blogger.com	911blogger.com	8
fv911truth.org	fv911truth.org	8
beatthebrochure.com	beatthebrochure.com	0
comtheatrebreaks.co.uk	comtheatrebreaks.co.uk	0
dealchecker.co.uk	dealchecker.co.uk	0
firstchoicevacationhomes.com	firstchoicevacationhomes.com	0
ulookubook.com	ulookubook.com	0
dondavies.ndp.ca	dondavies.ndp.ca	8
community.nytimes.com	community.nytimes.com	59
greeninc.blogs.nytimes.com	greeninc.blogs.nytimes.com	59
angusreidstrategies.com	angusreidstrategies.com	9
cec.chebucto.org	cec.chebucto.org	9
darrylwhetter.greenparty.ca	darrylwhetter.greenparty.ca	9
greenshore.org	greenshore.org	9
myblahg.com	myblahg.com	9
oshawagreens.ca	oshawagreens.ca	9
picasaweb.google.com	picasaweb.google.com	9
preview.tinyurl.com	preview.tinyurl.com	9
voteesposito.blogspot.com	voteesposito.blogspot.com	9
www2.canoe.com	www2.canoe.com	9
dougperry.name	dougperry.name	9
dwaynemaceachern.ca	dwaynemaceachern.ca	9
electgreen.ca	electgreen.ca	9
elgreens.ca	elgreens.ca	9
emofree.com	emofree.com	9
green-ssw.ca	green-ssw.ca	9
harrisdecima.com	harrisdecima.com	9
markpajot.com	markpajot.com	9
punditsguide.ca	punditsguide.ca	9
robertoconnor.ca	robertoconnor.ca	9
stvforbc.com	stvforbc.com	9
unu.edu	unu.edu	9
voteforenvironment.ca	voteforenvironment.ca	9
yukongreen.ca	yukongreen.ca	9
jimmaloway.ndp.ca	jimmaloway.ndp.ca	8
news.gc.ca	news.gc.ca	8
election.twitter.com	election.twitter.com	10
ecomondo.it	ecomondo.it	51
paypal.com	paypal.com	12
ad.ca.doubleclick.net	ad.ca.doubleclick.net	10
dose.ca	dose.ca	10
mcspotlight.org	mcspotlight.org	74
odspaction.ca	odspaction.ca	74
schoolnet.ca	schoolnet.ca	74
stophitting.org	stophitting.org	74
goldenplanners.com	goldenplanners.com	33
tourismcalgary-digital.com	tourismcalgary-digital.com	33
chumlimited.com	chumlimited.com	12
cjad.com	cjad.com	110
climateactionsecretariat.gov.bc.ca	climateactionsecretariat.gov.bc.ca	59
express.flickoff.org	express.flickoff.org	59
co2balance.com	co2balance.com	59
dmpibooks.com	dmpibooks.com	59
freecycle.org	freecycle.org	59
greenhosting.org	greenhosting.org	59
livclean.ca	livclean.ca	59
pewclimate.org	pewclimate.org	59
queenofgreen.ca	queenofgreen.ca	59
dec-ced.gc.ca	dec-ced.gc.ca	111
sec.oise.utoronto.ca	sec.oise.utoronto.ca	59
communityearthworks.com	communityearthworks.com	59
recherche-search.gc.ca	recherche-search.gc.ca	74
advertise.myspace.com	advertise.myspace.com	10
faq.myspace.com	faq.myspace.com	10
signup.myspace.com	signup.myspace.com	10
archive.ndp.ca	archive.ndp.ca	8
orangeroom.ca	orangeroom.ca	8
xfer.ndp.ca	xfer.ndp.ca	8
peopleconnectionblog.com	peopleconnectionblog.com	74
about.aol.com	about.aol.com	74
aim.com	aim.com	74
nl1941.policyalternatives.org	nl1941.policyalternatives.org	26
cdhowe.org	cdhowe.org	26
rickhansen.com	rickhansen.com	112
cansim2.statcan.ca	cansim2.statcan.ca	33
stmarys.ca	stmarys.ca	113
smu.ca	smu.ca	113
wheels.ca	wheels.ca	10
wd.gc.ca	wd.gc.ca	114
canadians4democracy.ca	canadians4democracy.ca	115
alternatives.ca	alternatives.ca	7
dd-rd.ca	dd-rd.ca	7
adilinfo.org	adilinfo.org	8
mediawiki.org	mediawiki.org	12
effetsverts.myshopify.com	effetsverts.myshopify.com	9
jeunesse.partivert.ca	jeunesse.partivert.ca	9
johnmiedema.ca	johnmiedema.ca	9
shavluk.com	shavluk.com	9
journalmetro.com	journalmetro.com	9
sharkeysrestaurants.com	sharkeysrestaurants.com	9
xledizioni.com	xledizioni.com	51
calgaryherald.com	calgaryherald.com	10
househunting.ca	househunting.ca	10
traduku.net	traduku.net	74
translate.google.com	translate.google.com	74
abqjournal.com	abqjournal.com	74
ccnm-mothers.ca	ccnm-mothers.ca	74
citcat.com	citcat.com	74
edmontonjournal.com	edmontonjournal.com	10
foxlingo.com	foxlingo.com	74
paktranslations.com	paktranslations.com	74
tranexp.com	tranexp.com	74
xixona.dlsi.ua.es	xixona.dlsi.ua.es	74
midlandfreepress.com	midlandfreepress.com	8
news.com.au	news.com.au	8
novanewsnow.com	novanewsnow.com	8
owensoundsuntimes.com	owensoundsuntimes.com	8
smartvote2008.ca	smartvote2008.ca	8
climate.pembina.org	climate.pembina.org	59
e-activist.com	e-activist.com	59
hdr.undp.org	hdr.undp.org	59
reyouzd.com	reyouzd.com	59
borealbirds.org	borealbirds.org	59
cap-quebec.com	cap-quebec.com	59
www-comm.pac.dfo-mpo.gc.ca	www-comm.pac.dfo-mpo.gc.ca	59
compost.org	compost.org	59
greenercars.com	greenercars.com	59
on.ec.gc.ca	on.ec.gc.ca	59
pncimawatch.ca	pncimawatch.ca	59
shell.ca	shell.ca	59
sustainablebuildingcentre.com	sustainablebuildingcentre.com	59
waterfootprint.org	waterfootprint.org	59
driving.canada.com	driving.canada.com	10
fairvoteontario.eventbrite.com	fairvoteontario.eventbrite.com	12
alternativesjournal.ca	alternativesjournal.ca	59
bnrc.ca	bnrc.ca	59
cleanairfoundation.org	cleanairfoundation.org	59
everdale.org	everdale.org	59
healthyenvironmentforkids.ca	healthyenvironmentforkids.ca	59
icl.org	icl.org	59
lowincomeenergy.ca	lowincomeenergy.ca	59
walk21.com	walk21.com	59
liguedesdroits.ca	liguedesdroits.ca	116
navy.forces.gc.ca	navy.forces.gc.ca	41
new.petitiononline.com	new.petitiononline.com	12
ottawacitizen.com	ottawacitizen.com	10
oxford-union.org	oxford-union.org	117
aimforgood.com	aimforgood.com	74
design.aim.com	design.aim.com	74
developer.aim.com	developer.aim.com	74
ficlets.com	ficlets.com	74
help.channels.aol.com	help.channels.aol.com	74
hotsearches.aol.com	hotsearches.aol.com	74
macblog.aol.com	macblog.aol.com	74
myaolblog.aol.com	myaolblog.aol.com	74
peopleconnection.aol.com	peopleconnection.aol.com	74
popurls.com	popurls.com	74
portalblog.aol.com	portalblog.aol.com	74
searchblog.aol.com	searchblog.aol.com	74
ted.aol.com	ted.aol.com	74
widgetblog.aol.com	widgetblog.aol.com	74
animalhubbub.com	animalhubbub.com	74
aolvideoblog.com	aolvideoblog.com	74
boingboing.net	boingboing.net	74
circavie.com	circavie.com	74
comicsalliance.com	comicsalliance.com	74
fark.com	fark.com	74
mediabistro.com	mediabistro.com	74
metafilter.com	metafilter.com	74
netscape.com	netscape.com	74
paidcontent.org	paidcontent.org	74
problogger.net	problogger.net	74
queersighted.com	queersighted.com	74
techcrunch.com	techcrunch.com	74
unitedforpink.com	unitedforpink.com	74
valleywag.com	valleywag.com	74
plymedia.com	plymedia.com	118
socialwatch.org	socialwatch.org	26
business.theglobeandmail.com	business.theglobeandmail.com	8
sports.theglobeandmail.com	sports.theglobeandmail.com	8
thestar.blogs.com	thestar.blogs.com	10
thestar.workopolis.com	thestar.workopolis.com	10
toronto.ourfaves.com	toronto.ourfaves.com	10
www3.thestar.com	www3.thestar.com	10
healthzone.ca	healthzone.ca	10
omniture.com	omniture.com	10
parentcentral.ca	parentcentral.ca	10
yourhome.ca	yourhome.ca	10
vancouversun.com	vancouversun.com	10
